userLink,mediaLink,imageTags
http://www.pictame.com/user/angela+AF8-sunny+AF8-/2748535499,http://www.pictame.com/media/1730582701068399964+AF8-2748535499,+ACM-unforgettable +ACM-memories +ACM-memorable +ACM-honeymoon +ACM-timegoestoofast +ACM-moldives +ACM-hurawalhimaldives +ACM-everythingsbeautiful
http://www.pictame.com/user/saitej+AF8-sunny/1975675559,http://www.pictame.com/media/1730579706049608834+AF8-1975675559,+ACM-meet +ACM-every+AF8-day +ACM-memorable +ACM-sudden+AF8-meet +ACM-Besties +ACM-awesome +ACM-cool+AF8-evening +ACM-brew+AF8-buzz
http://www.pictame.com/user/celesdromero/3876274067,http://www.pictame.com/media/1730577489065806782+AF8-3876274067,+ACM-8demarzo +ACM-diadelamujer +ACM-nosotras +ACM-mujer +ACM-mujeres +ACM-girlday +ACM-dia +ACM-memorable +ACM-parapensar +ACM-reflexionar
http://www.pictame.com/user/ehsaan/24489982,http://www.pictame.com/media/1730574825640364126+AF8-24489982,+ACM-composed +ACM-GulzarSaab +ACM-lyrics +ACM-AasmanKePaar +ACM-Rockford +ACM-NageshKukunoor +ACM-memorable +ACM-composing +ACM-songwriting +ACM-jamming +ACM-collegedays +ACM-20yearsoffriendship
http://www.pictame.com/user/moirahdventure/2164601608,http://www.pictame.com/media/1730576021780417381+AF8-2164601608,+ACM-School +ACM-batac +ACM-mmsu +ACM-birthday +ACM-birthdayadventure +ACM-birthdaytour +ACM-birthdayexploration +ACM-bigschool +ACM-lostinbeauty +ACM-amazed +ACM-beautiful +ACM-beautifulday +ACM-tour +ACM-exploring +ACM-sightseeing +ACM-explore +ACM-explorers +ACM-adventurers +ACM-sunset +ACM-memorable +ACM-happybirthday +ACM-happy +ACM-blissful +ACM-estatic +ACM-elated +ACM-hype +ACM-aesthetician +ACM-aesthetic
http://www.pictame.com/user/dean+AF8-thirteen/6681216507,http://www.pictame.com/media/1730571885760002806+AF8-6681216507,+ACM-tbt +ACM-awesome +ACM-gunsnroses +ACM-firstconcertever +ACM-memorable
http://www.pictame.com/user/life.by.renee/504586144,http://www.pictame.com/media/1730570709737213840+AF8-504586144,+ACM-memorable +ACM-lastnightswine +ACM-winemoments +ACM-winelife +ACM-wine +ACM-wineallthetime +ACM-italianwine +ACM-italianwines +ACM-somemorable +ACM-toronto +ACM-torontolife +ACM-supertuscan +ACM-supertuscanwine
http://www.pictame.com/user/dorothea+AF8-galuh/43934845,http://www.pictame.com/media/1730568214764550184+AF8-43934845,+ACM-palur +ACM-myhometown +ACM-masakecilku +ACM-marimakan +ACM-bakmi +ACM-capjay +ACM-lezat +ACM-endes +ACM-yummy +ACM-soloculinary +ACM-kulinersolo +ACM-solofoodgram +ACM-huntingfood +ACM-makanmalam +ACM-latedinner +ACM-nostalgia +ACM-memorable +ACM-likeforlikes +ACM-likeforfollows +ACM-followforlike
http://www.pictame.com/user/aishwarya+AF8-hugar/1598692545,http://www.pictame.com/media/1730566025127459870+AF8-1598692545,+ACM-memorable +ACM-moments +ACM-college +ACM-Juniors +ACM-seniors +ACM-unique +ACM-bond +ACM-freaky +ACM-brotherhood +ACM-seniorslove +ACM-bhai
http://www.pictame.com/user/suds.muse/3559888705,http://www.pictame.com/media/1730564274541187496+AF8-3559888705,+ACM-sculpture +ACM-sculptures +ACM-sculptor +ACM-tower +ACM-humanity +ACM-sculpt +ACM-sculpting +ACM-artofvisuals +ACM-artofvisual +ACM-weexplore +ACM-travelstagram +ACM-travelshots +ACM-travelgram +ACM-travelphotography +ACM-photographer +ACM-photoart +ACM-ig+AF8-worldclub +ACM-ig+AF8-great+AF8-pics +ACM-ig+AF8-myshot +ACM-ig+AF8-europe +ACM-travelig +ACM-travel+AF8-captures +ACM-alwaysgo +ACM-phototravel +ACM-memorable +ACM-artinstallation +ACM-artislife +ACM-beinghuman +ACM-vsco +ACM-vscocam
http://www.pictame.com/user/wales+AF8-rowe/4090457,http://www.pictame.com/media/1730563495828456783+AF8-4090457,+ACM-decadeday +ACM-throwbackthursday +ACM-studygram +ACM-studying +ACM-tbt +ACM-everlearning +ACM-memorable +ACM-unforgettable
http://www.pictame.com/user/charpnli/27099262,http://www.pictame.com/media/1730563017233378280+AF8-27099262,+ACM-gardensbythebay +ACM-sg +ACM-singapore +ACM-hkiger +ACM-mrsli +ACM-hkmum +ACM-mumsilfe +ACM-happytravel +ACM-memorable +ACM-marinabay
http://www.pictame.com/user/overandback+AF8-official/3420593412,http://www.pictame.com/media/1730559220213631002+AF8-3420593412,+ACM-happywomensday +ACM-overandback +ACM-overandback+AF8-official +ACM-memorable +ACM-gatherings +ACM-romantic +ACM-feminine +ACM-cutouts +ACM-heirloom
http://www.pictame.com/user/overandback+AF8-official/3420593412,http://www.pictame.com/media/1730559089468883076+AF8-3420593412,+ACM-happywomensday +ACM-overandback +ACM-overandback+AF8-official +ACM-memorable +ACM-gatherings +ACM-romantic +ACM-feminine +ACM-cutouts +ACM-heirloom
http://www.pictame.com/user/overandback+AF8-official/3420593412,http://www.pictame.com/media/1730558971869087411+AF8-3420593412,+ACM-happywomensday +ACM-overandback +ACM-overandback+AF8-official +ACM-memorable +ACM-gatherings +ACM-romantic +ACM-feminine +ACM-cutouts +ACM-heirloom
http://www.pictame.com/user/mhmd+AF8-naeem+AF8-21/5976490066,http://www.pictame.com/media/1730557489937120678+AF8-5976490066,+ACM-possible +ACM-wedidit +ACM-Barca +ACM-wedidit +ACM-Missionimpossible +ACM-Missionpossible +ACM-Historic +ACM-memorable +ACM-uefa +ACM-championsleague
http://www.pictame.com/user/candice+AF8-826/1074564,http://www.pictame.com/media/1730558021792086025+AF8-1074564,+ACM-record +ACM-memorable +ACM-snowstorm +ACP//QDm//0Amv/9ALT//QDp//0Aov/9AKj//QDp//0Am//9AKo- +ACM-terrible +ACM-experience +ACM-exhausted
http://www.pictame.com/user/doubl3story/1704155942,http://www.pictame.com/media/1730556936212363854+AF8-1704155942,+ACM-my1stexperience +ACM-my1stArtistry +ACM-memorable +ACM-tbt
http://www.pictame.com/user/mammu+AF8-mamz/4694405333,http://www.pictame.com/media/1730550565073964038+AF8-4694405333,+ACM-wayanad +ACM-wirasianzzz +ACM-royal +ACM-B +ACM-2nd +ACM-squadgoals +ACM-traveldiaries +ACM-memorable +ACM-enjoyngday
http://www.pictame.com/user/isis+AF8-charm/6305225556,http://www.pictame.com/media/1730547292577765402+AF8-6305225556,+ACM-romeo +ACM-juliet +ACM-instalovers +ACM-insta +ACM-instalove +ACM-classmates +ACM-classmate +ACM-memorable +ACM-fun +ACM-instagood +ACM-instagram +ACM-instaplay +ACM-instavsco +ACM-cooperation +ACM-unity +ACM-love +ACM-nikeph +ACM-romeoandjulietplay +ACM-romeoandjuliet
http://www.pictame.com/user/vwwedding/2265773441,http://www.pictame.com/media/1730545449743267830+AF8-2265773441,+ACM-vwphotobooth +ACM-campervanphotobooth +ACM-northeastwedding
http://www.pictame.com/user/justedmund2002/1745854535,http://www.pictame.com/media/1730545082095354405+AF8-1745854535,+ACM-daddy +ACM-duaghter +ACM-daughter +ACM-dads +ACM-daughters +ACM-daddydaughter +ACM-daddydaughterdance +ACM-funnight +ACM-dance +ACM-dancing +ACM-werockedtheirworld +ACM-lit +ACM-epic +ACM-memorable +ACM-funtimes +ACM-goodtimeswithgoodfriends +ACM-toomanykidzbopsongs
http://www.pictame.com/user/mhd+AF8-anasclt/7217597726,http://www.pictame.com/media/1730543950405376787+AF8-7217597726,+ACM-Memorable
http://www.pictame.com/user/iam+AF8-vishal+AF8-21/1578084493,http://www.pictame.com/media/1730542402730908998+AF8-1578084493,+ACM-groupday +ACM-prisonbreak +ACM-outfitoftheday +ACM-myoutfit +ACM-clothes +ACM-sitsstudentcouncil +ACM-sits +ACM-memorable +ACM-memorable+AF8-day +ACM-culturalday
http://www.pictame.com/user/aakashakhil2717/5453510823,http://www.pictame.com/media/1730541709211193890+AF8-5453510823,+ACM-photographer +ACM-photoshoot +ACM-nature +ACM-love +ACM-memorable +ACM-time +ACM-positivevibes +ACM-portrait +ACM-blue +ACM-selfie +ACM-addiction +ACM-insta +ACM-instagood +ACM-like4like +ACM-followforfollow +ACM-your +ACM-moment
http://www.pictame.com/user/+AF8-0+AF8-black+AF8-knight+AF8-0+AF8-/2071340205,http://www.pictame.com/media/1730540966057015132+AF8-2071340205,+ACM-bithday +ACM-memorable +ACM-instagood +ACM-instagram
http://www.pictame.com/user/mademoiselle+AF8-rgt/7248644089,http://www.pictame.com/media/1730539050048500957+AF8-7248644089,+ACM-cadeau +ACM-memorable +ACM-anniversaire +ACM-20ansd+//0Aw//9AKk-ja +ACM-bichonfris+//0Aw//9AKk- +ACM-Nougat +ACM-fiert+//0Aw//9AKk- +ACM-familleenor
http://www.pictame.com/user/jessicarobertsonphoto/227792908,http://www.pictame.com/media/1730536379828156457+AF8-227792908,+ACM-jessicarobertsonphotographicartistry +ACM-seniors +ACM-seniorportraits +ACM-unique +ACM-storytelling +ACM-creative +ACM-timeless +ACM-memorable +ACM-atlee
http://www.pictame.com/user/amarpali/321563439,http://www.pictame.com/media/1730534563224955531+AF8-321563439,+ACM-Happywoman +ACM-in +ACM-memorable +ACM-girlgang +ACM-love
http://www.pictame.com/user/tangpekang/212881145,http://www.pictame.com/media/1730531670907846958+AF8-212881145,+ACM-throwback +ACM-happy +ACM-children +ACM-family +ACM-love +ACM-enjoyable +ACM-smile +ACM-sweet +ACM-like4like +ACM-hopecouragestrength +ACM-memorable +ACM-instagram +ACM-instalife +ACM-instaphoto +ACM-instagood +ACM-instadaily +ACM-instamood +ACM-tagsforlikes
http://www.pictame.com/user/jugnu+AF8-k007/4455437402,http://www.pictame.com/media/1730527290938466376+AF8-4455437402,+ACM-Farewell +ACM-memorable
http://www.pictame.com/user/shubh+AF8-2167/1585759972,http://www.pictame.com/media/1730526660342014689+AF8-1585759972,+ACM-jagoo +ACM-love +ACM-mom +ACM-cousn +ACM-sistawedding +ACM-marrige +ACM-functiondairies +ACM-memorable +ACM-day
http://www.pictame.com/user/hellenic+AF8-ideologist/2223975183,http://www.pictame.com/media/1730526487160630075+AF8-2223975183,+ACP//QDP//0AgP/9AM7//QC///0Azv/9AK///QDO//0At//9AM///QCD//0Azv/9ALn//QDP//0Agg- +ACP//QDP//0AgP/9AM7//QC///0Azv/9AK///QDO//0At//9AM///QCD//0Azv/9ALc- +ACP//QDO//0AoP/9AM7//QCx//0Azv/9ALv//QDO//0Asf/9AM7//QC8//0Azv/9AKz//QDP//0Agg- +ACP//QDO//0Asf/9AM7//QC1//0Azv/9AK///QDO//0AvP/9AM7//QC9//0Azv/9ALf//QDP//0Ag//9AM///QCE//0Azv/9AL///QDP//0Agg- +ACP//QDO//0AtP/9AM7//QC5//0Azv/9ALH//QDP//0Ah//9AM///QCB//0Azv/9AL///QDO//0Avf/9AM7//QC5//0Azv/9ALr//QDP//0AjP/9AM///QCC- +ACP//QDO//0Asf/9AM7//QC9//0Az//9AIX//QDP//0AgP/9AM7//QCt//0Az//9AIH//QDO//0Asv/9AM7//QC7//0Azv/9ALf//QDP//0AhP/9AM7//QC///0Az//9AIIAX//9AM///QCA//0Azv/9AL///QDO//0Auf/9AM7//QC3//0Az//9AIT//QDO//0Arv/9AM///QCC- +ACP//QDO//0Akf/9AM///QCH//0Azv/9ALH//QDO//0Auf/9AM///QCM//0Az//9AII- +ACP//QDO//0As//9AM7//QC9//0Azv/9AK7//QDP//0Ag//9AM7//QC5//0Azv/9AL8AX//9AM///QCE//0Azv/9AK3//QDO//0Auv/9AM7//QC9//0Azv/9AL///QDO//0AvQBf//0Az//9AIT//QDO//0At//9AM///QCCAF///QDO//0Auf/9AM7//QC1//0Az//9AIH//QDO//0ArP/9AM///QCCAF///QDO//0Ap//9AM7//QC4//0Azv/9AL///QDO//0Avf/9AM///QCM//0Az//9AII- +ACM-painting +ACM-art +ACM-poetry +ACM-Hellenic +ACM-memorable +ACM-poet +ACM-from +ACM-Patrai +ACM-Patras +ACM-Achaia
http://www.pictame.com/user/+AF8-lin166+AF8-/1972202927,http://www.pictame.com/media/1730525988045082294+AF8-1972202927,+ACM-dreamer +ACM-memorable +ACP//QDl//0Am//9AJ7//QDm//0Ahv/9ALY- +ACP//QDm//0AlP/9AL7//QDk//0AuP/9AI3//QDk//0AuP/9AIv//QDn//0Amv/9AIT//QDm//0AmP/9AK///QDl//0Am//9AJ7//QDm//0Ahv/9ALY-
http://www.pictame.com/user/i+AF8-am+AF8-birebaumli/5991371876,http://www.pictame.com/media/1730524605703134239+AF8-5991371876,+ACM-sch+//0Aw//9ALY-nwars +ACM-memorable +ACM-beelitz +ACM-beelitzheilst+//0Aw//9AKQ-tten +ACM-potsdam +ACM-berlin +ACM-fotoshooting +ACM-verlasseneorte +ACM-blondegirl +ACM-naturallight +ACM-swissphotography +ACM-swissgirl +ACM-lostplace +ACM-urbex +ACM-lace +ACM-spitze +ACM-nat+//0Aw//9ALw-rlicheslicht +ACM-gegenlicht +ACM-swissphotographer +ACM-sachar+//0Aw//9ALw-ede +ACM-smokebomb +ACM-bnw+AF8-greatshots +ACM-bnwswitzerland +ACM-monochrome +ACM-schwarzweissfoto +ACM-blackandwhitephotography +ACM-bnwgermany
http://www.pictame.com/user/lalatelina/1669568113,http://www.pictame.com/media/1730516652926045697+AF8-1669568113,+ACM-amazing +ACM-womensday +ACM-magnificent +ACM-ladies +ACM-fabric +ACM-bistro +ACM-bar +ACM-special +ACM-beautiful +ACM-tasty +ACM-dessert +ACM-celebrate +ACM-women +ACM-raspberry +ACM-chocolate +ACM-lemon +ACM-memorable +ACM-experience +ACM-moments +ACM-food +ACM-foodies +ACM-visittampere +ACM-tampere +ACM-citylife
http://www.pictame.com/user/aysenin+AF8-gulleri/7211943157,http://www.pictame.com/media/1730586208268215581+AF8-7211943157,+ACM-mannheim +ACM-inlovee +ACM-citylove +ACM-student +ACM-islam +ACM-friendshipgoal +ACM-studentlife +ACM-lifestyle +ACM-lovelife +ACM-beautyfullife +ACM-enjoyment +ACM-memorable +ACM-pearls +ACM-bracelet +ACM-fashion +ACM-fashionblogger +ACM-selfmade +ACM-paulvalentine +ACM-shiny
http://www.pictame.com/user/+AF8AXw-mandal+AF8AXw-/7167425688,http://www.pictame.com/media/1730585422441984339+AF8-7167425688,+ACM-memorable
http://www.pictame.com/user/virendra+AF8-vikram+AF8-singh/3936402162,http://www.pictame.com/media/1730584149176584519+AF8-3936402162,+ACM-memorable
http://www.pictame.com/user/angela+AF8-sunny+AF8-/2748535499,http://www.pictame.com/media/1730582701068399964+AF8-2748535499,+ACM-unforgettable +ACM-memories +ACM-memorable +ACM-honeymoon +ACM-timegoestoofast +ACM-moldives +ACM-hurawalhimaldives +ACM-everythingsbeautiful
http://www.pictame.com/user/saitej+AF8-sunny/1975675559,http://www.pictame.com/media/1730579706049608834+AF8-1975675559,+ACM-meet +ACM-every+AF8-day +ACM-memorable +ACM-sudden+AF8-meet +ACM-Besties +ACM-awesome +ACM-cool+AF8-evening +ACM-brew+AF8-buzz
http://www.pictame.com/user/celesdromero/3876274067,http://www.pictame.com/media/1730577489065806782+AF8-3876274067,+ACM-8demarzo +ACM-diadelamujer +ACM-nosotras +ACM-mujer +ACM-mujeres +ACM-girlday +ACM-dia +ACM-memorable +ACM-parapensar +ACM-reflexionar
http://www.pictame.com/user/ehsaan/24489982,http://www.pictame.com/media/1730574825640364126+AF8-24489982,+ACM-composed +ACM-GulzarSaab +ACM-lyrics +ACM-AasmanKePaar +ACM-Rockford +ACM-NageshKukunoor +ACM-memorable +ACM-composing +ACM-songwriting +ACM-jamming +ACM-collegedays +ACM-20yearsoffriendship
http://www.pictame.com/user/moirahdventure/2164601608,http://www.pictame.com/media/1730576021780417381+AF8-2164601608,+ACM-School +ACM-batac +ACM-mmsu +ACM-birthday +ACM-birthdayadventure +ACM-birthdaytour +ACM-birthdayexploration +ACM-bigschool +ACM-lostinbeauty +ACM-amazed +ACM-beautiful +ACM-beautifulday +ACM-tour +ACM-exploring +ACM-sightseeing +ACM-explore +ACM-explorers +ACM-adventurers +ACM-sunset +ACM-memorable +ACM-happybirthday +ACM-happy +ACM-blissful +ACM-estatic +ACM-elated +ACM-hype +ACM-aesthetician +ACM-aesthetic
http://www.pictame.com/user/dean+AF8-thirteen/6681216507,http://www.pictame.com/media/1730571885760002806+AF8-6681216507,+ACM-tbt +ACM-awesome +ACM-gunsnroses +ACM-firstconcertever +ACM-memorable
http://www.pictame.com/user/life.by.renee/504586144,http://www.pictame.com/media/1730570709737213840+AF8-504586144,+ACM-memorable +ACM-lastnightswine +ACM-winemoments +ACM-winelife +ACM-wine +ACM-wineallthetime +ACM-italianwine +ACM-italianwines +ACM-somemorable +ACM-toronto +ACM-torontolife +ACM-supertuscan +ACM-supertuscanwine
http://www.pictame.com/user/dorothea+AF8-galuh/43934845,http://www.pictame.com/media/1730568214764550184+AF8-43934845,+ACM-palur +ACM-myhometown +ACM-masakecilku +ACM-marimakan +ACM-bakmi +ACM-capjay +ACM-lezat +ACM-endes +ACM-yummy +ACM-soloculinary +ACM-kulinersolo +ACM-solofoodgram +ACM-huntingfood +ACM-makanmalam +ACM-latedinner +ACM-nostalgia +ACM-memorable +ACM-likeforlikes +ACM-likeforfollows +ACM-followforlike
http://www.pictame.com/user/aishwarya+AF8-hugar/1598692545,http://www.pictame.com/media/1730566025127459870+AF8-1598692545,+ACM-memorable +ACM-moments +ACM-college +ACM-Juniors +ACM-seniors +ACM-unique +ACM-bond +ACM-freaky +ACM-brotherhood +ACM-seniorslove +ACM-bhai
http://www.pictame.com/user/suds.muse/3559888705,http://www.pictame.com/media/1730564274541187496+AF8-3559888705,+ACM-sculpture +ACM-sculptures +ACM-sculptor +ACM-tower +ACM-humanity +ACM-sculpt +ACM-sculpting +ACM-artofvisuals +ACM-artofvisual +ACM-weexplore +ACM-travelstagram +ACM-travelshots +ACM-travelgram +ACM-travelphotography +ACM-photographer +ACM-photoart +ACM-ig+AF8-worldclub +ACM-ig+AF8-great+AF8-pics +ACM-ig+AF8-myshot +ACM-ig+AF8-europe +ACM-travelig +ACM-travel+AF8-captures +ACM-alwaysgo +ACM-phototravel +ACM-memorable +ACM-artinstallation +ACM-artislife +ACM-beinghuman +ACM-vsco +ACM-vscocam
http://www.pictame.com/user/wales+AF8-rowe/4090457,http://www.pictame.com/media/1730563495828456783+AF8-4090457,+ACM-decadeday +ACM-throwbackthursday +ACM-studygram +ACM-studying +ACM-tbt +ACM-everlearning +ACM-memorable +ACM-unforgettable
http://www.pictame.com/user/charpnli/27099262,http://www.pictame.com/media/1730563017233378280+AF8-27099262,+ACM-gardensbythebay +ACM-sg +ACM-singapore +ACM-hkiger +ACM-mrsli +ACM-hkmum +ACM-mumsilfe +ACM-happytravel +ACM-memorable +ACM-marinabay
http://www.pictame.com/user/overandback+AF8-official/3420593412,http://www.pictame.com/media/1730559220213631002+AF8-3420593412,+ACM-happywomensday +ACM-overandback +ACM-overandback+AF8-official +ACM-memorable +ACM-gatherings +ACM-romantic +ACM-feminine +ACM-cutouts +ACM-heirloom
http://www.pictame.com/user/overandback+AF8-official/3420593412,http://www.pictame.com/media/1730559089468883076+AF8-3420593412,+ACM-happywomensday +ACM-overandback +ACM-overandback+AF8-official +ACM-memorable +ACM-gatherings +ACM-romantic +ACM-feminine +ACM-cutouts +ACM-heirloom
http://www.pictame.com/user/overandback+AF8-official/3420593412,http://www.pictame.com/media/1730558971869087411+AF8-3420593412,+ACM-happywomensday +ACM-overandback +ACM-overandback+AF8-official +ACM-memorable +ACM-gatherings +ACM-romantic +ACM-feminine +ACM-cutouts +ACM-heirloom
http://www.pictame.com/user/candice+AF8-826/1074564,http://www.pictame.com/media/1730558021792086025+AF8-1074564,+ACM-record +ACM-memorable +ACM-snowstorm +ACP//QDm//0Amv/9ALT//QDp//0Aov/9AKj//QDp//0Am//9AKo- +ACM-terrible +ACM-experience +ACM-exhausted
http://www.pictame.com/user/doubl3story/1704155942,http://www.pictame.com/media/1730556936212363854+AF8-1704155942,+ACM-my1stexperience +ACM-my1stArtistry +ACM-memorable +ACM-tbt
http://www.pictame.com/user/mammu+AF8-mamz/4694405333,http://www.pictame.com/media/1730550565073964038+AF8-4694405333,+ACM-wayanad +ACM-wirasianzzz +ACM-royal +ACM-B +ACM-2nd +ACM-squadgoals +ACM-traveldiaries +ACM-memorable +ACM-enjoyngday
http://www.pictame.com/user/isis+AF8-charm/6305225556,http://www.pictame.com/media/1730547292577765402+AF8-6305225556,+ACM-romeo +ACM-juliet +ACM-instalovers +ACM-insta +ACM-instalove +ACM-classmates +ACM-classmate +ACM-memorable +ACM-fun +ACM-instagood +ACM-instagram +ACM-instaplay +ACM-instavsco +ACM-cooperation +ACM-unity +ACM-love +ACM-nikeph +ACM-romeoandjulietplay +ACM-romeoandjuliet
http://www.pictame.com/user/vwwedding/2265773441,http://www.pictame.com/media/1730545449743267830+AF8-2265773441,+ACM-vwphotobooth +ACM-campervanphotobooth +ACM-northeastwedding
http://www.pictame.com/user/justedmund2002/1745854535,http://www.pictame.com/media/1730545082095354405+AF8-1745854535,+ACM-daddy +ACM-duaghter +ACM-daughter +ACM-dads +ACM-daughters +ACM-daddydaughter +ACM-daddydaughterdance +ACM-funnight +ACM-dance +ACM-dancing +ACM-werockedtheirworld +ACM-lit +ACM-epic +ACM-memorable +ACM-funtimes +ACM-goodtimeswithgoodfriends +ACM-toomanykidzbopsongs
http://www.pictame.com/user/mhd+AF8-anasclt/7217597726,http://www.pictame.com/media/1730543950405376787+AF8-7217597726,+ACM-Memorable
http://www.pictame.com/user/iam+AF8-vishal+AF8-21/1578084493,http://www.pictame.com/media/1730542402730908998+AF8-1578084493,+ACM-groupday +ACM-prisonbreak +ACM-outfitoftheday +ACM-myoutfit +ACM-clothes +ACM-sitsstudentcouncil +ACM-sits +ACM-memorable +ACM-memorable+AF8-day +ACM-culturalday
http://www.pictame.com/user/aakashakhil2717/5453510823,http://www.pictame.com/media/1730541709211193890+AF8-5453510823,+ACM-photographer +ACM-photoshoot +ACM-nature +ACM-love +ACM-memorable +ACM-time +ACM-positivevibes +ACM-portrait +ACM-blue +ACM-selfie +ACM-addiction +ACM-insta +ACM-instagood +ACM-like4like +ACM-followforfollow +ACM-your +ACM-moment
http://www.pictame.com/user/+AF8-0+AF8-black+AF8-knight+AF8-0+AF8-/2071340205,http://www.pictame.com/media/1730540966057015132+AF8-2071340205,+ACM-bithday +ACM-memorable +ACM-instagood +ACM-instagram
http://www.pictame.com/user/mademoiselle+AF8-rgt/7248644089,http://www.pictame.com/media/1730539050048500957+AF8-7248644089,+ACM-cadeau +ACM-memorable +ACM-anniversaire +ACM-20ansd+//0Aw//9AKk-ja +ACM-bichonfris+//0Aw//9AKk- +ACM-Nougat +ACM-fiert+//0Aw//9AKk- +ACM-familleenor
http://www.pictame.com/user/jessicarobertsonphoto/227792908,http://www.pictame.com/media/1730536379828156457+AF8-227792908,+ACM-jessicarobertsonphotographicartistry +ACM-seniors +ACM-seniorportraits +ACM-unique +ACM-storytelling +ACM-creative +ACM-timeless +ACM-memorable +ACM-atlee
http://www.pictame.com/user/amarpali/321563439,http://www.pictame.com/media/1730534563224955531+AF8-321563439,+ACM-Happywoman +ACM-in +ACM-memorable +ACM-girlgang +ACM-love
http://www.pictame.com/user/tangpekang/212881145,http://www.pictame.com/media/1730531670907846958+AF8-212881145,+ACM-throwback +ACM-happy +ACM-children +ACM-family +ACM-love +ACM-enjoyable +ACM-smile +ACM-sweet +ACM-like4like +ACM-hopecouragestrength +ACM-memorable +ACM-instagram +ACM-instalife +ACM-instaphoto +ACM-instagood +ACM-instadaily +ACM-instamood +ACM-tagsforlikes
http://www.pictame.com/user/lalatelina/1669568113,http://www.pictame.com/media/1730516652926045697+AF8-1669568113,+ACM-amazing +ACM-womensday +ACM-magnificent +ACM-ladies +ACM-fabric +ACM-bistro +ACM-bar +ACM-special +ACM-beautiful +ACM-tasty +ACM-dessert +ACM-celebrate +ACM-women +ACM-raspberry +ACM-chocolate +ACM-lemon +ACM-memorable +ACM-experience +ACM-moments +ACM-food +ACM-foodies +ACM-visittampere +ACM-tampere +ACM-citylife
http://www.pictame.com/user/rosi+AF8-guyton+AF8-photography/1404243501,http://www.pictame.com/media/1730587160913827852+AF8-1404243501,+ACM-internationalwomensday +ACM-everyday +ACM-rosiguytonphotography +ACM-rosiguyton +ACM-timeless +ACM-genuine +ACM-memorable +ACM-lenzonu
http://www.pictame.com/user/aysenin+AF8-gulleri/7211943157,http://www.pictame.com/media/1730586208268215581+AF8-7211943157,+ACM-mannheim +ACM-inlovee +ACM-citylove +ACM-student +ACM-islam +ACM-friendshipgoal +ACM-studentlife +ACM-lifestyle +ACM-lovelife +ACM-beautyfullife +ACM-enjoyment +ACM-memorable +ACM-pearls +ACM-bracelet +ACM-fashion +ACM-fashionblogger +ACM-selfmade +ACM-paulvalentine +ACM-shiny
http://www.pictame.com/user/+AF8AXw-mandal+AF8AXw-/7167425688,http://www.pictame.com/media/1730585422441984339+AF8-7167425688,+ACM-memorable
http://www.pictame.com/user/virendra+AF8-vikram+AF8-singh/3936402162,http://www.pictame.com/media/1730584149176584519+AF8-3936402162,+ACM-memorable
http://www.pictame.com/user/angela+AF8-sunny+AF8-/2748535499,http://www.pictame.com/media/1730582701068399964+AF8-2748535499,+ACM-unforgettable +ACM-memories +ACM-memorable +ACM-honeymoon +ACM-timegoestoofast +ACM-moldives +ACM-hurawalhimaldives +ACM-everythingsbeautiful
http://www.pictame.com/user/saitej+AF8-sunny/1975675559,http://www.pictame.com/media/1730579706049608834+AF8-1975675559,+ACM-meet +ACM-every+AF8-day +ACM-memorable +ACM-sudden+AF8-meet +ACM-Besties +ACM-awesome +ACM-cool+AF8-evening +ACM-brew+AF8-buzz
http://www.pictame.com/user/celesdromero/3876274067,http://www.pictame.com/media/1730577489065806782+AF8-3876274067,+ACM-8demarzo +ACM-diadelamujer +ACM-nosotras +ACM-mujer +ACM-mujeres +ACM-girlday +ACM-dia +ACM-memorable +ACM-parapensar +ACM-reflexionar
http://www.pictame.com/user/ehsaan/24489982,http://www.pictame.com/media/1730574825640364126+AF8-24489982,+ACM-composed +ACM-GulzarSaab +ACM-lyrics +ACM-AasmanKePaar +ACM-Rockford +ACM-NageshKukunoor +ACM-memorable +ACM-composing +ACM-songwriting +ACM-jamming +ACM-collegedays +ACM-20yearsoffriendship
http://www.pictame.com/user/moirahdventure/2164601608,http://www.pictame.com/media/1730576021780417381+AF8-2164601608,+ACM-School +ACM-batac +ACM-mmsu +ACM-birthday +ACM-birthdayadventure +ACM-birthdaytour +ACM-birthdayexploration +ACM-bigschool +ACM-lostinbeauty +ACM-amazed +ACM-beautiful +ACM-beautifulday +ACM-tour +ACM-exploring +ACM-sightseeing +ACM-explore +ACM-explorers +ACM-adventurers +ACM-sunset +ACM-memorable +ACM-happybirthday +ACM-happy +ACM-blissful +ACM-estatic +ACM-elated +ACM-hype +ACM-aesthetician +ACM-aesthetic
http://www.pictame.com/user/dean+AF8-thirteen/6681216507,http://www.pictame.com/media/1730571885760002806+AF8-6681216507,+ACM-tbt +ACM-awesome +ACM-gunsnroses +ACM-firstconcertever +ACM-memorable
http://www.pictame.com/user/life.by.renee/504586144,http://www.pictame.com/media/1730570709737213840+AF8-504586144,+ACM-memorable +ACM-lastnightswine +ACM-winemoments +ACM-winelife +ACM-wine +ACM-wineallthetime +ACM-italianwine +ACM-italianwines +ACM-somemorable +ACM-toronto +ACM-torontolife +ACM-supertuscan +ACM-supertuscanwine
http://www.pictame.com/user/dorothea+AF8-galuh/43934845,http://www.pictame.com/media/1730568214764550184+AF8-43934845,+ACM-palur +ACM-myhometown +ACM-masakecilku +ACM-marimakan +ACM-bakmi +ACM-capjay +ACM-lezat +ACM-endes +ACM-yummy +ACM-soloculinary +ACM-kulinersolo +ACM-solofoodgram +ACM-huntingfood +ACM-makanmalam +ACM-latedinner +ACM-nostalgia +ACM-memorable +ACM-likeforlikes +ACM-likeforfollows +ACM-followforlike
http://www.pictame.com/user/aishwarya+AF8-hugar/1598692545,http://www.pictame.com/media/1730566025127459870+AF8-1598692545,+ACM-memorable +ACM-moments +ACM-college +ACM-Juniors +ACM-seniors +ACM-unique +ACM-bond +ACM-freaky +ACM-brotherhood +ACM-seniorslove +ACM-bhai
http://www.pictame.com/user/suds.muse/3559888705,http://www.pictame.com/media/1730564274541187496+AF8-3559888705,+ACM-sculpture +ACM-sculptures +ACM-sculptor +ACM-tower +ACM-humanity +ACM-sculpt +ACM-sculpting +ACM-artofvisuals +ACM-artofvisual +ACM-weexplore +ACM-travelstagram +ACM-travelshots +ACM-travelgram +ACM-travelphotography +ACM-photographer +ACM-photoart +ACM-ig+AF8-worldclub +ACM-ig+AF8-great+AF8-pics +ACM-ig+AF8-myshot +ACM-ig+AF8-europe +ACM-travelig +ACM-travel+AF8-captures +ACM-alwaysgo +ACM-phototravel +ACM-memorable +ACM-artinstallation +ACM-artislife +ACM-beinghuman +ACM-vsco +ACM-vscocam
http://www.pictame.com/user/wales+AF8-rowe/4090457,http://www.pictame.com/media/1730563495828456783+AF8-4090457,+ACM-decadeday +ACM-throwbackthursday +ACM-studygram +ACM-studying +ACM-tbt +ACM-everlearning +ACM-memorable +ACM-unforgettable
http://www.pictame.com/user/charpnli/27099262,http://www.pictame.com/media/1730563017233378280+AF8-27099262,+ACM-gardensbythebay +ACM-sg +ACM-singapore +ACM-hkiger +ACM-mrsli +ACM-hkmum +ACM-mumsilfe +ACM-happytravel +ACM-memorable +ACM-marinabay
http://www.pictame.com/user/overandback+AF8-official/3420593412,http://www.pictame.com/media/1730559220213631002+AF8-3420593412,+ACM-happywomensday +ACM-overandback +ACM-overandback+AF8-official +ACM-memorable +ACM-gatherings +ACM-romantic +ACM-feminine +ACM-cutouts +ACM-heirloom
http://www.pictame.com/user/overandback+AF8-official/3420593412,http://www.pictame.com/media/1730559089468883076+AF8-3420593412,+ACM-happywomensday +ACM-overandback +ACM-overandback+AF8-official +ACM-memorable +ACM-gatherings +ACM-romantic +ACM-feminine +ACM-cutouts +ACM-heirloom
http://www.pictame.com/user/overandback+AF8-official/3420593412,http://www.pictame.com/media/1730558971869087411+AF8-3420593412,+ACM-happywomensday +ACM-overandback +ACM-overandback+AF8-official +ACM-memorable +ACM-gatherings +ACM-romantic +ACM-feminine +ACM-cutouts +ACM-heirloom
http://www.pictame.com/user/candice+AF8-826/1074564,http://www.pictame.com/media/1730558021792086025+AF8-1074564,+ACM-record +ACM-memorable +ACM-snowstorm +ACP//QDm//0Amv/9ALT//QDp//0Aov/9AKj//QDp//0Am//9AKo- +ACM-terrible +ACM-experience +ACM-exhausted
http://www.pictame.com/user/doubl3story/1704155942,http://www.pictame.com/media/1730556936212363854+AF8-1704155942,+ACM-my1stexperience +ACM-my1stArtistry +ACM-memorable +ACM-tbt
http://www.pictame.com/user/mammu+AF8-mamz/4694405333,http://www.pictame.com/media/1730550565073964038+AF8-4694405333,+ACM-wayanad +ACM-wirasianzzz +ACM-royal +ACM-B +ACM-2nd +ACM-squadgoals +ACM-traveldiaries +ACM-memorable +ACM-enjoyngday
http://www.pictame.com/user/isis+AF8-charm/6305225556,http://www.pictame.com/media/1730547292577765402+AF8-6305225556,+ACM-romeo +ACM-juliet +ACM-instalovers +ACM-insta +ACM-instalove +ACM-classmates +ACM-classmate +ACM-memorable +ACM-fun +ACM-instagood +ACM-instagram +ACM-instaplay +ACM-instavsco +ACM-cooperation +ACM-unity +ACM-love +ACM-nikeph +ACM-romeoandjulietplay +ACM-romeoandjuliet
http://www.pictame.com/user/vwwedding/2265773441,http://www.pictame.com/media/1730545449743267830+AF8-2265773441,+ACM-vwphotobooth +ACM-campervanphotobooth +ACM-northeastwedding
http://www.pictame.com/user/justedmund2002/1745854535,http://www.pictame.com/media/1730545082095354405+AF8-1745854535,+ACM-daddy +ACM-duaghter +ACM-daughter +ACM-dads +ACM-daughters +ACM-daddydaughter +ACM-daddydaughterdance +ACM-funnight +ACM-dance +ACM-dancing +ACM-werockedtheirworld +ACM-lit +ACM-epic +ACM-memorable +ACM-funtimes +ACM-goodtimeswithgoodfriends +ACM-toomanykidzbopsongs
http://www.pictame.com/user/mhd+AF8-anasclt/7217597726,http://www.pictame.com/media/1730543950405376787+AF8-7217597726,+ACM-Memorable
http://www.pictame.com/user/iam+AF8-vishal+AF8-21/1578084493,http://www.pictame.com/media/1730542402730908998+AF8-1578084493,+ACM-groupday +ACM-prisonbreak +ACM-outfitoftheday +ACM-myoutfit +ACM-clothes +ACM-sitsstudentcouncil +ACM-sits +ACM-memorable +ACM-memorable+AF8-day +ACM-culturalday
http://www.pictame.com/user/aakashakhil2717/5453510823,http://www.pictame.com/media/1730541709211193890+AF8-5453510823,+ACM-photographer +ACM-photoshoot +ACM-nature +ACM-love +ACM-memorable +ACM-time +ACM-positivevibes +ACM-portrait +ACM-blue +ACM-selfie +ACM-addiction +ACM-insta +ACM-instagood +ACM-like4like +ACM-followforfollow +ACM-your +ACM-moment
http://www.pictame.com/user/+AF8-0+AF8-black+AF8-knight+AF8-0+AF8-/2071340205,http://www.pictame.com/media/1730540966057015132+AF8-2071340205,+ACM-bithday +ACM-memorable +ACM-instagood +ACM-instagram
http://www.pictame.com/user/mademoiselle+AF8-rgt/7248644089,http://www.pictame.com/media/1730539050048500957+AF8-7248644089,+ACM-cadeau +ACM-memorable +ACM-anniversaire +ACM-20ansd+//0Aw//9AKk-ja +ACM-bichonfris+//0Aw//9AKk- +ACM-Nougat +ACM-fiert+//0Aw//9AKk- +ACM-familleenor
http://www.pictame.com/user/jessicarobertsonphoto/227792908,http://www.pictame.com/media/1730536379828156457+AF8-227792908,+ACM-jessicarobertsonphotographicartistry +ACM-seniors +ACM-seniorportraits +ACM-unique +ACM-storytelling +ACM-creative +ACM-timeless +ACM-memorable +ACM-atlee
http://www.pictame.com/user/amarpali/321563439,http://www.pictame.com/media/1730534563224955531+AF8-321563439,+ACM-Happywoman +ACM-in +ACM-memorable +ACM-girlgang +ACM-love
http://www.pictame.com/user/tangpekang/212881145,http://www.pictame.com/media/1730531670907846958+AF8-212881145,+ACM-throwback +ACM-happy +ACM-children +ACM-family +ACM-love +ACM-enjoyable +ACM-smile +ACM-sweet +ACM-like4like +ACM-hopecouragestrength +ACM-memorable +ACM-instagram +ACM-instalife +ACM-instaphoto +ACM-instagood +ACM-instadaily +ACM-instamood +ACM-tagsforlikes
http://www.pictame.com/user/lalatelina/1669568113,http://www.pictame.com/media/1730516652926045697+AF8-1669568113,+ACM-amazing +ACM-womensday +ACM-magnificent +ACM-ladies +ACM-fabric +ACM-bistro +ACM-bar +ACM-special +ACM-beautiful +ACM-tasty +ACM-dessert +ACM-celebrate +ACM-women +ACM-raspberry +ACM-chocolate +ACM-lemon +ACM-memorable +ACM-experience +ACM-moments +ACM-food +ACM-foodies +ACM-visittampere +ACM-tampere +ACM-citylife
http://www.pictame.com/user/rosi+AF8-guyton+AF8-photography/1404243501,http://www.pictame.com/media/1730587160913827852+AF8-1404243501,+ACM-internationalwomensday +ACM-everyday +ACM-rosiguytonphotography +ACM-rosiguyton +ACM-timeless +ACM-genuine +ACM-memorable +ACM-lenzonu
http://www.pictame.com/user/aysenin+AF8-gulleri/7211943157,http://www.pictame.com/media/1730586208268215581+AF8-7211943157,+ACM-mannheim +ACM-inlovee +ACM-citylove +ACM-student +ACM-islam +ACM-friendshipgoal +ACM-studentlife +ACM-lifestyle +ACM-lovelife +ACM-beautyfullife +ACM-enjoyment +ACM-memorable +ACM-pearls +ACM-bracelet +ACM-fashion +ACM-fashionblogger +ACM-selfmade +ACM-paulvalentine +ACM-shiny
http://www.pictame.com/user/+AF8AXw-mandal+AF8AXw-/7167425688,http://www.pictame.com/media/1730585422441984339+AF8-7167425688,+ACM-memorable
http://www.pictame.com/user/virendra+AF8-vikram+AF8-singh/3936402162,http://www.pictame.com/media/1730584149176584519+AF8-3936402162,+ACM-memorable
http://www.pictame.com/user/angela+AF8-sunny+AF8-/2748535499,http://www.pictame.com/media/1730582701068399964+AF8-2748535499,+ACM-unforgettable +ACM-memories +ACM-memorable +ACM-honeymoon +ACM-timegoestoofast +ACM-moldives +ACM-hurawalhimaldives +ACM-everythingsbeautiful
http://www.pictame.com/user/saitej+AF8-sunny/1975675559,http://www.pictame.com/media/1730579706049608834+AF8-1975675559,+ACM-meet +ACM-every+AF8-day +ACM-memorable +ACM-sudden+AF8-meet +ACM-Besties +ACM-awesome +ACM-cool+AF8-evening +ACM-brew+AF8-buzz
http://www.pictame.com/user/celesdromero/3876274067,http://www.pictame.com/media/1730577489065806782+AF8-3876274067,+ACM-8demarzo +ACM-diadelamujer +ACM-nosotras +ACM-mujer +ACM-mujeres +ACM-girlday +ACM-dia +ACM-memorable +ACM-parapensar +ACM-reflexionar
http://www.pictame.com/user/ehsaan/24489982,http://www.pictame.com/media/1730574825640364126+AF8-24489982,+ACM-composed +ACM-GulzarSaab +ACM-lyrics +ACM-AasmanKePaar +ACM-Rockford +ACM-NageshKukunoor +ACM-memorable +ACM-composing +ACM-songwriting +ACM-jamming +ACM-collegedays +ACM-20yearsoffriendship
http://www.pictame.com/user/moirahdventure/2164601608,http://www.pictame.com/media/1730576021780417381+AF8-2164601608,+ACM-School +ACM-batac +ACM-mmsu +ACM-birthday +ACM-birthdayadventure +ACM-birthdaytour +ACM-birthdayexploration +ACM-bigschool +ACM-lostinbeauty +ACM-amazed +ACM-beautiful +ACM-beautifulday +ACM-tour +ACM-exploring +ACM-sightseeing +ACM-explore +ACM-explorers +ACM-adventurers +ACM-sunset +ACM-memorable +ACM-happybirthday +ACM-happy +ACM-blissful +ACM-estatic +ACM-elated +ACM-hype +ACM-aesthetician +ACM-aesthetic
http://www.pictame.com/user/dean+AF8-thirteen/6681216507,http://www.pictame.com/media/1730571885760002806+AF8-6681216507,+ACM-tbt +ACM-awesome +ACM-gunsnroses +ACM-firstconcertever +ACM-memorable
http://www.pictame.com/user/life.by.renee/504586144,http://www.pictame.com/media/1730570709737213840+AF8-504586144,+ACM-memorable +ACM-lastnightswine +ACM-winemoments +ACM-winelife +ACM-wine +ACM-wineallthetime +ACM-italianwine +ACM-italianwines +ACM-somemorable +ACM-toronto +ACM-torontolife +ACM-supertuscan +ACM-supertuscanwine
http://www.pictame.com/user/dorothea+AF8-galuh/43934845,http://www.pictame.com/media/1730568214764550184+AF8-43934845,+ACM-palur +ACM-myhometown +ACM-masakecilku +ACM-marimakan +ACM-bakmi +ACM-capjay +ACM-lezat +ACM-endes +ACM-yummy +ACM-soloculinary +ACM-kulinersolo +ACM-solofoodgram +ACM-huntingfood +ACM-makanmalam +ACM-latedinner +ACM-nostalgia +ACM-memorable +ACM-likeforlikes +ACM-likeforfollows +ACM-followforlike
http://www.pictame.com/user/aishwarya+AF8-hugar/1598692545,http://www.pictame.com/media/1730566025127459870+AF8-1598692545,+ACM-memorable +ACM-moments +ACM-college +ACM-Juniors +ACM-seniors +ACM-unique +ACM-bond +ACM-freaky +ACM-brotherhood +ACM-seniorslove +ACM-bhai
http://www.pictame.com/user/suds.muse/3559888705,http://www.pictame.com/media/1730564274541187496+AF8-3559888705,+ACM-sculpture +ACM-sculptures +ACM-sculptor +ACM-tower +ACM-humanity +ACM-sculpt +ACM-sculpting +ACM-artofvisuals +ACM-artofvisual +ACM-weexplore +ACM-travelstagram +ACM-travelshots +ACM-travelgram +ACM-travelphotography +ACM-photographer +ACM-photoart +ACM-ig+AF8-worldclub +ACM-ig+AF8-great+AF8-pics +ACM-ig+AF8-myshot +ACM-ig+AF8-europe +ACM-travelig +ACM-travel+AF8-captures +ACM-alwaysgo +ACM-phototravel +ACM-memorable +ACM-artinstallation +ACM-artislife +ACM-beinghuman +ACM-vsco +ACM-vscocam
http://www.pictame.com/user/wales+AF8-rowe/4090457,http://www.pictame.com/media/1730563495828456783+AF8-4090457,+ACM-decadeday +ACM-throwbackthursday +ACM-studygram +ACM-studying +ACM-tbt +ACM-everlearning +ACM-memorable +ACM-unforgettable
http://www.pictame.com/user/charpnli/27099262,http://www.pictame.com/media/1730563017233378280+AF8-27099262,+ACM-gardensbythebay +ACM-sg +ACM-singapore +ACM-hkiger +ACM-mrsli +ACM-hkmum +ACM-mumsilfe +ACM-happytravel +ACM-memorable +ACM-marinabay
http://www.pictame.com/user/overandback+AF8-official/3420593412,http://www.pictame.com/media/1730559220213631002+AF8-3420593412,+ACM-happywomensday +ACM-overandback +ACM-overandback+AF8-official +ACM-memorable +ACM-gatherings +ACM-romantic +ACM-feminine +ACM-cutouts +ACM-heirloom
http://www.pictame.com/user/overandback+AF8-official/3420593412,http://www.pictame.com/media/1730559089468883076+AF8-3420593412,+ACM-happywomensday +ACM-overandback +ACM-overandback+AF8-official +ACM-memorable +ACM-gatherings +ACM-romantic +ACM-feminine +ACM-cutouts +ACM-heirloom
http://www.pictame.com/user/overandback+AF8-official/3420593412,http://www.pictame.com/media/1730558971869087411+AF8-3420593412,+ACM-happywomensday +ACM-overandback +ACM-overandback+AF8-official +ACM-memorable +ACM-gatherings +ACM-romantic +ACM-feminine +ACM-cutouts +ACM-heirloom
http://www.pictame.com/user/candice+AF8-826/1074564,http://www.pictame.com/media/1730558021792086025+AF8-1074564,+ACM-record +ACM-memorable +ACM-snowstorm +ACP//QDm//0Amv/9ALT//QDp//0Aov/9AKj//QDp//0Am//9AKo- +ACM-terrible +ACM-experience +ACM-exhausted
http://www.pictame.com/user/doubl3story/1704155942,http://www.pictame.com/media/1730556936212363854+AF8-1704155942,+ACM-my1stexperience +ACM-my1stArtistry +ACM-memorable +ACM-tbt
http://www.pictame.com/user/mammu+AF8-mamz/4694405333,http://www.pictame.com/media/1730550565073964038+AF8-4694405333,+ACM-wayanad +ACM-wirasianzzz +ACM-royal +ACM-B +ACM-2nd +ACM-squadgoals +ACM-traveldiaries +ACM-memorable +ACM-enjoyngday
http://www.pictame.com/user/isis+AF8-charm/6305225556,http://www.pictame.com/media/1730547292577765402+AF8-6305225556,+ACM-romeo +ACM-juliet +ACM-instalovers +ACM-insta +ACM-instalove +ACM-classmates +ACM-classmate +ACM-memorable +ACM-fun +ACM-instagood +ACM-instagram +ACM-instaplay +ACM-instavsco +ACM-cooperation +ACM-unity +ACM-love +ACM-nikeph +ACM-romeoandjulietplay +ACM-romeoandjuliet
http://www.pictame.com/user/vwwedding/2265773441,http://www.pictame.com/media/1730545449743267830+AF8-2265773441,+ACM-vwphotobooth +ACM-campervanphotobooth +ACM-northeastwedding
http://www.pictame.com/user/justedmund2002/1745854535,http://www.pictame.com/media/1730545082095354405+AF8-1745854535,+ACM-daddy +ACM-duaghter +ACM-daughter +ACM-dads +ACM-daughters +ACM-daddydaughter +ACM-daddydaughterdance +ACM-funnight +ACM-dance +ACM-dancing +ACM-werockedtheirworld +ACM-lit +ACM-epic +ACM-memorable +ACM-funtimes +ACM-goodtimeswithgoodfriends +ACM-toomanykidzbopsongs
http://www.pictame.com/user/mhd+AF8-anasclt/7217597726,http://www.pictame.com/media/1730543950405376787+AF8-7217597726,+ACM-Memorable
http://www.pictame.com/user/iam+AF8-vishal+AF8-21/1578084493,http://www.pictame.com/media/1730542402730908998+AF8-1578084493,+ACM-groupday +ACM-prisonbreak +ACM-outfitoftheday +ACM-myoutfit +ACM-clothes +ACM-sitsstudentcouncil +ACM-sits +ACM-memorable +ACM-memorable+AF8-day +ACM-culturalday
http://www.pictame.com/user/aakashakhil2717/5453510823,http://www.pictame.com/media/1730541709211193890+AF8-5453510823,+ACM-photographer +ACM-photoshoot +ACM-nature +ACM-love +ACM-memorable +ACM-time +ACM-positivevibes +ACM-portrait +ACM-blue +ACM-selfie +ACM-addiction +ACM-insta +ACM-instagood +ACM-like4like +ACM-followforfollow +ACM-your +ACM-moment
http://www.pictame.com/user/+AF8-0+AF8-black+AF8-knight+AF8-0+AF8-/2071340205,http://www.pictame.com/media/1730540966057015132+AF8-2071340205,+ACM-bithday +ACM-memorable +ACM-instagood +ACM-instagram
http://www.pictame.com/user/mademoiselle+AF8-rgt/7248644089,http://www.pictame.com/media/1730539050048500957+AF8-7248644089,+ACM-cadeau +ACM-memorable +ACM-anniversaire +ACM-20ansd+//0Aw//9AKk-ja +ACM-bichonfris+//0Aw//9AKk- +ACM-Nougat +ACM-fiert+//0Aw//9AKk- +ACM-familleenor
http://www.pictame.com/user/jessicarobertsonphoto/227792908,http://www.pictame.com/media/1730536379828156457+AF8-227792908,+ACM-jessicarobertsonphotographicartistry +ACM-seniors +ACM-seniorportraits +ACM-unique +ACM-storytelling +ACM-creative +ACM-timeless +ACM-memorable +ACM-atlee
http://www.pictame.com/user/amarpali/321563439,http://www.pictame.com/media/1730534563224955531+AF8-321563439,+ACM-Happywoman +ACM-in +ACM-memorable +ACM-girlgang +ACM-love
http://www.pictame.com/user/tangpekang/212881145,http://www.pictame.com/media/1730531670907846958+AF8-212881145,+ACM-throwback +ACM-happy +ACM-children +ACM-family +ACM-love +ACM-enjoyable +ACM-smile +ACM-sweet +ACM-like4like +ACM-hopecouragestrength +ACM-memorable +ACM-instagram +ACM-instalife +ACM-instaphoto +ACM-instagood +ACM-instadaily +ACM-instamood +ACM-tagsforlikes
http://www.pictame.com/user/lalatelina/1669568113,http://www.pictame.com/media/1730516652926045697+AF8-1669568113,+ACM-amazing +ACM-womensday +ACM-magnificent +ACM-ladies +ACM-fabric +ACM-bistro +ACM-bar +ACM-special +ACM-beautiful +ACM-tasty +ACM-dessert +ACM-celebrate +ACM-women +ACM-raspberry +ACM-chocolate +ACM-lemon +ACM-memorable +ACM-experience +ACM-moments +ACM-food +ACM-foodies +ACM-visittampere +ACM-tampere +ACM-citylife
http://www.pictame.com/user/rosi+AF8-guyton+AF8-photography/1404243501,http://www.pictame.com/media/1730587160913827852+AF8-1404243501,+ACM-internationalwomensday +ACM-everyday +ACM-rosiguytonphotography +ACM-rosiguyton +ACM-timeless +ACM-genuine +ACM-memorable +ACM-lenzonu
http://www.pictame.com/user/aysenin+AF8-gulleri/7211943157,http://www.pictame.com/media/1730586208268215581+AF8-7211943157,+ACM-mannheim +ACM-inlovee +ACM-citylove +ACM-student +ACM-islam +ACM-friendshipgoal +ACM-studentlife +ACM-lifestyle +ACM-lovelife +ACM-beautyfullife +ACM-enjoyment +ACM-memorable +ACM-pearls +ACM-bracelet +ACM-fashion +ACM-fashionblogger +ACM-selfmade +ACM-paulvalentine +ACM-shiny
http://www.pictame.com/user/+AF8AXw-mandal+AF8AXw-/7167425688,http://www.pictame.com/media/1730585422441984339+AF8-7167425688,+ACM-memorable
http://www.pictame.com/user/virendra+AF8-vikram+AF8-singh/3936402162,http://www.pictame.com/media/1730584149176584519+AF8-3936402162,+ACM-memorable
http://www.pictame.com/user/angela+AF8-sunny+AF8-/2748535499,http://www.pictame.com/media/1730582701068399964+AF8-2748535499,+ACM-unforgettable +ACM-memories +ACM-memorable +ACM-honeymoon +ACM-timegoestoofast +ACM-moldives +ACM-hurawalhimaldives +ACM-everythingsbeautiful
http://www.pictame.com/user/saitej+AF8-sunny/1975675559,http://www.pictame.com/media/1730579706049608834+AF8-1975675559,+ACM-meet +ACM-every+AF8-day +ACM-memorable +ACM-sudden+AF8-meet +ACM-Besties +ACM-awesome +ACM-cool+AF8-evening +ACM-brew+AF8-buzz
http://www.pictame.com/user/celesdromero/3876274067,http://www.pictame.com/media/1730577489065806782+AF8-3876274067,+ACM-8demarzo +ACM-diadelamujer +ACM-nosotras +ACM-mujer +ACM-mujeres +ACM-girlday +ACM-dia +ACM-memorable +ACM-parapensar +ACM-reflexionar
http://www.pictame.com/user/ehsaan/24489982,http://www.pictame.com/media/1730574825640364126+AF8-24489982,+ACM-composed +ACM-GulzarSaab +ACM-lyrics +ACM-AasmanKePaar +ACM-Rockford +ACM-NageshKukunoor +ACM-memorable +ACM-composing +ACM-songwriting +ACM-jamming +ACM-collegedays +ACM-20yearsoffriendship
http://www.pictame.com/user/moirahdventure/2164601608,http://www.pictame.com/media/1730576021780417381+AF8-2164601608,+ACM-School +ACM-batac +ACM-mmsu +ACM-birthday +ACM-birthdayadventure +ACM-birthdaytour +ACM-birthdayexploration +ACM-bigschool +ACM-lostinbeauty +ACM-amazed +ACM-beautiful +ACM-beautifulday +ACM-tour +ACM-exploring +ACM-sightseeing +ACM-explore +ACM-explorers +ACM-adventurers +ACM-sunset +ACM-memorable +ACM-happybirthday +ACM-happy +ACM-blissful +ACM-estatic +ACM-elated +ACM-hype +ACM-aesthetician +ACM-aesthetic
http://www.pictame.com/user/dean+AF8-thirteen/6681216507,http://www.pictame.com/media/1730571885760002806+AF8-6681216507,+ACM-tbt +ACM-awesome +ACM-gunsnroses +ACM-firstconcertever +ACM-memorable
http://www.pictame.com/user/life.by.renee/504586144,http://www.pictame.com/media/1730570709737213840+AF8-504586144,+ACM-memorable +ACM-lastnightswine +ACM-winemoments +ACM-winelife +ACM-wine +ACM-wineallthetime +ACM-italianwine +ACM-italianwines +ACM-somemorable +ACM-toronto +ACM-torontolife +ACM-supertuscan +ACM-supertuscanwine
http://www.pictame.com/user/dorothea+AF8-galuh/43934845,http://www.pictame.com/media/1730568214764550184+AF8-43934845,+ACM-palur +ACM-myhometown +ACM-masakecilku +ACM-marimakan +ACM-bakmi +ACM-capjay +ACM-lezat +ACM-endes +ACM-yummy +ACM-soloculinary +ACM-kulinersolo +ACM-solofoodgram +ACM-huntingfood +ACM-makanmalam +ACM-latedinner +ACM-nostalgia +ACM-memorable +ACM-likeforlikes +ACM-likeforfollows +ACM-followforlike
http://www.pictame.com/user/aishwarya+AF8-hugar/1598692545,http://www.pictame.com/media/1730566025127459870+AF8-1598692545,+ACM-memorable +ACM-moments +ACM-college +ACM-Juniors +ACM-seniors +ACM-unique +ACM-bond +ACM-freaky +ACM-brotherhood +ACM-seniorslove +ACM-bhai
http://www.pictame.com/user/suds.muse/3559888705,http://www.pictame.com/media/1730564274541187496+AF8-3559888705,+ACM-sculpture +ACM-sculptures +ACM-sculptor +ACM-tower +ACM-humanity +ACM-sculpt +ACM-sculpting +ACM-artofvisuals +ACM-artofvisual +ACM-weexplore +ACM-travelstagram +ACM-travelshots +ACM-travelgram +ACM-travelphotography +ACM-photographer +ACM-photoart +ACM-ig+AF8-worldclub +ACM-ig+AF8-great+AF8-pics +ACM-ig+AF8-myshot +ACM-ig+AF8-europe +ACM-travelig +ACM-travel+AF8-captures +ACM-alwaysgo +ACM-phototravel +ACM-memorable +ACM-artinstallation +ACM-artislife +ACM-beinghuman +ACM-vsco +ACM-vscocam
http://www.pictame.com/user/wales+AF8-rowe/4090457,http://www.pictame.com/media/1730563495828456783+AF8-4090457,+ACM-decadeday +ACM-throwbackthursday +ACM-studygram +ACM-studying +ACM-tbt +ACM-everlearning +ACM-memorable +ACM-unforgettable
http://www.pictame.com/user/charpnli/27099262,http://www.pictame.com/media/1730563017233378280+AF8-27099262,+ACM-gardensbythebay +ACM-sg +ACM-singapore +ACM-hkiger +ACM-mrsli +ACM-hkmum +ACM-mumsilfe +ACM-happytravel +ACM-memorable +ACM-marinabay
http://www.pictame.com/user/overandback+AF8-official/3420593412,http://www.pictame.com/media/1730559220213631002+AF8-3420593412,+ACM-happywomensday +ACM-overandback +ACM-overandback+AF8-official +ACM-memorable +ACM-gatherings +ACM-romantic +ACM-feminine +ACM-cutouts +ACM-heirloom
http://www.pictame.com/user/overandback+AF8-official/3420593412,http://www.pictame.com/media/1730559089468883076+AF8-3420593412,+ACM-happywomensday +ACM-overandback +ACM-overandback+AF8-official +ACM-memorable +ACM-gatherings +ACM-romantic +ACM-feminine +ACM-cutouts +ACM-heirloom
http://www.pictame.com/user/overandback+AF8-official/3420593412,http://www.pictame.com/media/1730558971869087411+AF8-3420593412,+ACM-happywomensday +ACM-overandback +ACM-overandback+AF8-official +ACM-memorable +ACM-gatherings +ACM-romantic +ACM-feminine +ACM-cutouts +ACM-heirloom
http://www.pictame.com/user/candice+AF8-826/1074564,http://www.pictame.com/media/1730558021792086025+AF8-1074564,+ACM-record +ACM-memorable +ACM-snowstorm +ACP//QDm//0Amv/9ALT//QDp//0Aov/9AKj//QDp//0Am//9AKo- +ACM-terrible +ACM-experience +ACM-exhausted
http://www.pictame.com/user/doubl3story/1704155942,http://www.pictame.com/media/1730556936212363854+AF8-1704155942,+ACM-my1stexperience +ACM-my1stArtistry +ACM-memorable +ACM-tbt
http://www.pictame.com/user/mammu+AF8-mamz/4694405333,http://www.pictame.com/media/1730550565073964038+AF8-4694405333,+ACM-wayanad +ACM-wirasianzzz +ACM-royal +ACM-B +ACM-2nd +ACM-squadgoals +ACM-traveldiaries +ACM-memorable +ACM-enjoyngday
http://www.pictame.com/user/isis+AF8-charm/6305225556,http://www.pictame.com/media/1730547292577765402+AF8-6305225556,+ACM-romeo +ACM-juliet +ACM-instalovers +ACM-insta +ACM-instalove +ACM-classmates +ACM-classmate +ACM-memorable +ACM-fun +ACM-instagood +ACM-instagram +ACM-instaplay +ACM-instavsco +ACM-cooperation +ACM-unity +ACM-love +ACM-nikeph +ACM-romeoandjulietplay +ACM-romeoandjuliet
http://www.pictame.com/user/vwwedding/2265773441,http://www.pictame.com/media/1730545449743267830+AF8-2265773441,+ACM-vwphotobooth +ACM-campervanphotobooth +ACM-northeastwedding
http://www.pictame.com/user/justedmund2002/1745854535,http://www.pictame.com/media/1730545082095354405+AF8-1745854535,+ACM-daddy +ACM-duaghter +ACM-daughter +ACM-dads +ACM-daughters +ACM-daddydaughter +ACM-daddydaughterdance +ACM-funnight +ACM-dance +ACM-dancing +ACM-werockedtheirworld +ACM-lit +ACM-epic +ACM-memorable +ACM-funtimes +ACM-goodtimeswithgoodfriends +ACM-toomanykidzbopsongs
http://www.pictame.com/user/mhd+AF8-anasclt/7217597726,http://www.pictame.com/media/1730543950405376787+AF8-7217597726,+ACM-Memorable
http://www.pictame.com/user/iam+AF8-vishal+AF8-21/1578084493,http://www.pictame.com/media/1730542402730908998+AF8-1578084493,+ACM-groupday +ACM-prisonbreak +ACM-outfitoftheday +ACM-myoutfit +ACM-clothes +ACM-sitsstudentcouncil +ACM-sits +ACM-memorable +ACM-memorable+AF8-day +ACM-culturalday
http://www.pictame.com/user/aakashakhil2717/5453510823,http://www.pictame.com/media/1730541709211193890+AF8-5453510823,+ACM-photographer +ACM-photoshoot +ACM-nature +ACM-love +ACM-memorable +ACM-time +ACM-positivevibes +ACM-portrait +ACM-blue +ACM-selfie +ACM-addiction +ACM-insta +ACM-instagood +ACM-like4like +ACM-followforfollow +ACM-your +ACM-moment
http://www.pictame.com/user/+AF8-0+AF8-black+AF8-knight+AF8-0+AF8-/2071340205,http://www.pictame.com/media/1730540966057015132+AF8-2071340205,+ACM-bithday +ACM-memorable +ACM-instagood +ACM-instagram
http://www.pictame.com/user/mademoiselle+AF8-rgt/7248644089,http://www.pictame.com/media/1730539050048500957+AF8-7248644089,+ACM-cadeau +ACM-memorable +ACM-anniversaire +ACM-20ansd+//0Aw//9AKk-ja +ACM-bichonfris+//0Aw//9AKk- +ACM-Nougat +ACM-fiert+//0Aw//9AKk- +ACM-familleenor
http://www.pictame.com/user/jessicarobertsonphoto/227792908,http://www.pictame.com/media/1730536379828156457+AF8-227792908,+ACM-jessicarobertsonphotographicartistry +ACM-seniors +ACM-seniorportraits +ACM-unique +ACM-storytelling +ACM-creative +ACM-timeless +ACM-memorable +ACM-atlee
http://www.pictame.com/user/lalatelina/1669568113,http://www.pictame.com/media/1730516652926045697+AF8-1669568113,+ACM-amazing +ACM-womensday +ACM-magnificent +ACM-ladies +ACM-fabric +ACM-bistro +ACM-bar +ACM-special +ACM-beautiful +ACM-tasty +ACM-dessert +ACM-celebrate +ACM-women +ACM-raspberry +ACM-chocolate +ACM-lemon +ACM-memorable +ACM-experience +ACM-moments +ACM-food +ACM-foodies +ACM-visittampere +ACM-tampere +ACM-citylife
http://www.pictame.com/user/amarpali/321563439,http://www.pictame.com/media/1730534563224955531+AF8-321563439,+ACM-Happywoman +ACM-in +ACM-memorable +ACM-girlgang +ACM-love
http://www.pictame.com/user/tangpekang/212881145,http://www.pictame.com/media/1730531670907846958+AF8-212881145,+ACM-throwback +ACM-happy +ACM-children +ACM-family +ACM-love +ACM-enjoyable +ACM-smile +ACM-sweet +ACM-like4like +ACM-hopecouragestrength +ACM-memorable +ACM-instagram +ACM-instalife +ACM-instaphoto +ACM-instagood +ACM-instadaily +ACM-instamood +ACM-tagsforlikes
http://www.pictame.com/user/jugnu+AF8-k007/4455437402,http://www.pictame.com/media/1730527290938466376+AF8-4455437402,+ACM-Farewell +ACM-memorable
http://www.pictame.com/user/shubh+AF8-2167/1585759972,http://www.pictame.com/media/1730526660342014689+AF8-1585759972,+ACM-jagoo +ACM-love +ACM-mom +ACM-cousn +ACM-sistawedding +ACM-marrige +ACM-functiondairies +ACM-memorable +ACM-day
http://www.pictame.com/user/hellenic+AF8-ideologist/2223975183,http://www.pictame.com/media/1730526487160630075+AF8-2223975183,+ACP//QDP//0AgP/9AM7//QC///0Azv/9AK///QDO//0At//9AM///QCD//0Azv/9ALn//QDP//0Agg- +ACP//QDP//0AgP/9AM7//QC///0Azv/9AK///QDO//0At//9AM///QCD//0Azv/9ALc- +ACP//QDO//0AoP/9AM7//QCx//0Azv/9ALv//QDO//0Asf/9AM7//QC8//0Azv/9AKz//QDP//0Agg- +ACP//QDO//0Asf/9AM7//QC1//0Azv/9AK///QDO//0AvP/9AM7//QC9//0Azv/9ALf//QDP//0Ag//9AM///QCE//0Azv/9AL///QDP//0Agg- +ACP//QDO//0AtP/9AM7//QC5//0Azv/9ALH//QDP//0Ah//9AM///QCB//0Azv/9AL///QDO//0Avf/9AM7//QC5//0Azv/9ALr//QDP//0AjP/9AM///QCC- +ACP//QDO//0Asf/9AM7//QC9//0Az//9AIX//QDP//0AgP/9AM7//QCt//0Az//9AIH//QDO//0Asv/9AM7//QC7//0Azv/9ALf//QDP//0AhP/9AM7//QC///0Az//9AIIAX//9AM///QCA//0Azv/9AL///QDO//0Auf/9AM7//QC3//0Az//9AIT//QDO//0Arv/9AM///QCC- +ACP//QDO//0Akf/9AM///QCH//0Azv/9ALH//QDO//0Auf/9AM///QCM//0Az//9AII- +ACP//QDO//0As//9AM7//QC9//0Azv/9AK7//QDP//0Ag//9AM7//QC5//0Azv/9AL8AX//9AM///QCE//0Azv/9AK3//QDO//0Auv/9AM7//QC9//0Azv/9AL///QDO//0AvQBf//0Az//9AIT//QDO//0At//9AM///QCCAF///QDO//0Auf/9AM7//QC1//0Az//9AIH//QDO//0ArP/9AM///QCCAF///QDO//0Ap//9AM7//QC4//0Azv/9AL///QDO//0Avf/9AM///QCM//0Az//9AII- +ACM-painting +ACM-art +ACM-poetry +ACM-Hellenic +ACM-memorable +ACM-poet +ACM-from +ACM-Patrai +ACM-Patras +ACM-Achaia
http://www.pictame.com/user/i+AF8-am+AF8-birebaumli/5991371876,http://www.pictame.com/media/1730524605703134239+AF8-5991371876,+ACM-sch+//0Aw//9ALY-nwars +ACM-memorable +ACM-beelitz +ACM-beelitzheilst+//0Aw//9AKQ-tten +ACM-potsdam +ACM-berlin +ACM-fotoshooting +ACM-verlasseneorte +ACM-blondegirl +ACM-naturallight +ACM-swissphotography +ACM-swissgirl +ACM-lostplace +ACM-urbex +ACM-lace +ACM-spitze +ACM-nat+//0Aw//9ALw-rlicheslicht +ACM-gegenlicht +ACM-swissphotographer +ACM-sachar+//0Aw//9ALw-ede +ACM-smokebomb +ACM-bnw+AF8-greatshots +ACM-bnwswitzerland +ACM-monochrome +ACM-schwarzweissfoto +ACM-blackandwhitephotography +ACM-bnwgermany
http://www.pictame.com/user/tesaurus/50136782,http://www.pictame.com/media/1730524324584057941+AF8-50136782,+ACM-scenery +ACM-sunset +ACM-jakarta +ACM-cengkareng +ACM-beach +ACM-memorable +ACM-instapic +ACM-xperiam2aqua +ACM-goplayoutside
http://www.pictame.com/user/mariazezefreitas/208048189,http://www.pictame.com/media/1730523415537714045+AF8-208048189,+ACM-bestlifeever +ACM-proudnesss +ACM-strength +ACM-courage +ACM-selfsufficient +ACM-compassionate +ACM-concerned +ACM-contemporary +ACM-memorable +ACM-kind +ACM-loving
http://www.pictame.com/user/orchidmarqueesisb/7034464091,http://www.pictame.com/media/1730522452347694130+AF8-7034464091,+ACM-orchidmarquees +ACM-marquee +ACM-weddingquotes +ACM-wedding +ACM-memorable +ACM-stagedecor +ACM-mendhi +ACM-mendhistage +ACM-mendhidecor +ACM-marqueedecor +ACM-decor +ACM-catering +ACM-food +ACM-weddingvenue +ACM-partyvenue +ACM-cooperatemeetings +ACM-eventvenue +ACM-islamabad +ACM-rawalpindi +ACM-pakistan
http://www.pictame.com/user/wedlockmarquee/6363668571,http://www.pictame.com/media/1730517956634144304+AF8-6363668571,+ACM-wedlockmarquee +ACM-memorable +ACM-bookingopen +ACM-marqueesetup +ACM-marqueedecor +ACM-stagedecor +ACM-mendhistages +ACM-mendhidecor +ACM-mendhinight +ACM-mendhi +ACM-decor +ACM-catering +ACM-food +ACM-weddingvenue +ACM-partyvenue +ACM-eventvenue +ACM-islamabad +ACM-rawalpindi +ACM-pakistan
http://www.pictame.com/user/bhaumikramani+AF8-21/1458054311,http://www.pictame.com/media/1730517219601230260+AF8-1458054311,+ACM-convocation2k18 +ACM-moodmechanics +ACM-brothers +ACM-memorable
