user_poll_dt,content_url,picbear_url,media_poll_dt,media_share_dt,caption,likes,comments
November 07 2017 - 02:07,https://scontent.cdninstagram.com/t51.2885-15/s640x640/e35/c0.135.1080.1080/23416937_295004720998561_6911598635583012864_n.jpg,http://picbear.com/media/1642178133867991526_1560109739,November 07 2017 - 02:07,November 06 2017 - 18:41,"<p><a href=""http://picbear.com/tag/selfie"" title=""posts tagged as selfie"">#selfie</a> ğŸ‘¸ğŸ™‹ğŸ‘¸ğŸ™ğŸ‘¸#selfie</p>",31,0
November 07 2017 - 02:07,https://scontent.cdninstagram.com/t51.2885-15/s640x640/e35/23101131_1870992419822733_2334252903616741376_n.jpg,http://picbear.com/media/1639811166385290049_1560109739,November 07 2017 - 02:07,November 03 2017 - 12:19,<p>ğŸŒ¸#unumu ğŸ’®#eledim ğŸŒ¼#elegimi ğŸ’®#astim ğŸŒ¸#hihi ğŸŒº#gÃ¼lÃ¼msemek ğŸŒ¼#ÅŸifadÄ±r ğŸ’®#aÅŸkkkk ğŸŒ¼#fi ğŸ’®#saÃ§lar ğŸŒº#sacaksesuari ğŸŒ¸#ihanet ğŸµï¸#hayirlisiyla</p>,77,9
November 07 2017 - 02:07,https://scontent.cdninstagram.com/t51.2885-15/s640x640/e35/c0.135.1080.1080/22802658_1943887665860327_8217849583598829568_n.jpg,http://picbear.com/media/1635759692420449208_1560109739,November 07 2017 - 02:07,October 28 2017 - 22:09,<p>ğŸ˜‡ğŸ˜‡ğŸ‚ğŸ‘’ğŸƒğŸ‚ğŸ‘’ğŸ˜‡ğŸ˜‡</p>,146,18
November 07 2017 - 02:07,https://scontent.cdninstagram.com/t51.2885-15/s640x640/e35/c0.97.780.780/22710981_353792855073285_6685885043182665728_n.jpg,http://picbear.com/media/1633505888912075661_1560109739,November 07 2017 - 02:07,October 25 2017 - 19:31,<p>ğŸ¼#siyahelbiseğŸ¨#sacaksesuari ğŸ£#ayakkabi ğŸ¦#hayatÄ±mÄ±nanlamÄ± ğŸ¼#gulumseaska ğŸ¤#kokoskadinlar ğŸ¨</p>,106,8
November 07 2017 - 02:07,https://scontent.cdninstagram.com/t51.2885-15/s640x640/e35/c0.135.1080.1080/22708818_299132620570144_399166147297017856_n.jpg,http://picbear.com/media/1630707803467186590_1560109739,November 07 2017 - 02:07,October 21 2017 - 22:52,<p>ğŸŒ¹ğŸŒ¼ğŸµï¸ğŸŒ¸ğŸŒ¹ğŸŒ¼ğŸµï¸ğŸŒ¸ğŸŒ¹ğŸŒ¼</p>,98,7
November 07 2017 - 02:07,https://scontent.cdninstagram.com/t51.2885-15/s640x640/e35/c0.135.1080.1080/22709079_123443688338487_8364170340460396544_n.jpg,http://picbear.com/media/1629151259025971990_1560109739,November 07 2017 - 02:07,October 19 2017 - 19:19,"<p>ğŸ˜„#kim <a href=""http://picbear.com/tag/ne"" title=""posts tagged as ne"">#ne</a> ğŸ#derse <a href=""http://picbear.com/tag/desing"" title=""posts tagged as desing"">#desing</a> ğŸ¦‹#ask <a href=""http://picbear.com/tag/icin"" title=""posts tagged as icin"">#icin</a> ğŸŒ·#once <a href=""http://picbear.com/tag/hoÅŸ"" title=""posts tagged as hoÅŸ"">#hoÅŸ</a> ğŸŒ»#sonra <a href=""http://picbear.com/tag/boÅŸ"" title=""posts tagged as boÅŸ"">#boÅŸ</a> ğŸŒ¾#gelir <a href=""http://picbear.com/tag/aÅŸkmÄ±"" title=""posts tagged as aÅŸkmÄ±"">#aÅŸkmÄ±</a> ğŸ’#artik <a href=""http://picbear.com/tag/eski"" title=""posts tagged as eski"">#eski</a>ğŸƒ<a href=""http://picbear.com/tag/tÃ¼rkfilmleri"" title=""posts tagged as tÃ¼rkfilmleri"">#tÃ¼rkfilmleri</a> ğŸ¦‹#kaldi <a href=""http://picbear.com/tag/hayirlisi"" title=""posts tagged as hayirlisi"">#hayirlisi</a> ğŸ˜„</p>",125,5
November 07 2017 - 02:07,https://scontent.cdninstagram.com/t51.2885-15/s640x640/e35/22427049_1945910015629267_3493905322056089600_n.jpg,http://picbear.com/media/1624772170173170021_1560109739,November 07 2017 - 02:07,October 13 2017 - 18:19,"<p>ğŸ‘©â€â¤ï¸â€ğŸ‘©ğŸ’•ğŸ‘©â€â¤ï¸â€ğŸ‘©ğŸ’•ğŸ‘©â€â¤ï¸â€ğŸ‘©ğŸ’•ğŸ‘©â€â¤ï¸â€ğŸ‘©#senicokseviyorum <a href=""http://picbear.com/tag/yigenlerinentatlisi"" title=""posts tagged as yigenlerinentatlisi"">#yigenlerinentatlisi</a> <a href=""http://picbear.com/tag/askbuya"" title=""posts tagged as askbuya"">#askbuya</a> <a href=""http://picbear.com/tag/ensevdigim"" title=""posts tagged as ensevdigim"">#ensevdigim</a> <a href=""http://picbear.com/tag/sacaksesuarÄ±"" title=""posts tagged as sacaksesuarÄ±"">#sacaksesuarÄ±</a> <a href=""http://picbear.com/tag/doya"" title=""posts tagged as doya"">#doya</a> <a href=""http://picbear.com/tag/doya"" title=""posts tagged as doya"">#doya</a> <a href=""http://picbear.com/tag/Ã¶pÃ¼cÃ¼kler"" title=""posts tagged as Ã¶pÃ¼cÃ¼kler"">#Ã¶pÃ¼cÃ¼kler</a> ğŸ‘©â€â¤ï¸â€ğŸ‘©ğŸ’•ğŸ‘©â€â¤ï¸â€ğŸ‘©ğŸ’•ğŸ‘©â€â¤ï¸â€ğŸ‘©ğŸ’•ğŸ‘©â€â¤ï¸â€ğŸ‘©ğŸ’•ğŸ‘©â€â¤ï¸â€ğŸ‘©</p>",111,12
November 07 2017 - 02:07,https://scontent.cdninstagram.com/t51.2885-15/s640x640/e35/c0.135.1080.1080/22280966_431675570563568_6174343309968801792_n.jpg,http://picbear.com/media/1622620639349125588_1560109739,November 07 2017 - 02:07,October 10 2017 - 19:04,"<p><a href=""http://picbear.com/tag/hayat"" title=""posts tagged as hayat"">#hayat</a> <a href=""http://picbear.com/tag/seni"" title=""posts tagged as seni"">#seni</a> <a href=""http://picbear.com/tag/seviyorum"" title=""posts tagged as seviyorum"">#seviyorum</a> <a href=""http://picbear.com/tag/Ã§Ã¼nkÃ¼"" title=""posts tagged as Ã§Ã¼nkÃ¼"">#Ã§Ã¼nkÃ¼</a> <a href=""http://picbear.com/tag/sevdiklerim"" title=""posts tagged as sevdiklerim"">#sevdiklerim</a> <a href=""http://picbear.com/tag/cok"" title=""posts tagged as cok"">#cok</a> <a href=""http://picbear.com/tag/buhayatta"" title=""posts tagged as buhayatta"">#buhayatta</a> â‡ï¸ğŸ”¯â‡ï¸âœ¡ï¸â‡ï¸âš›ï¸â‡ï¸âœ¡ï¸â‡ï¸âœ³ï¸â‡ï¸ğŸ”¯â‡ï¸</p>",127,7
November 07 2017 - 02:07,https://scontent.cdninstagram.com/t51.2885-15/s640x640/e35/c0.135.1080.1080/22278345_2039270216292854_8773676617227567104_n.jpg,http://picbear.com/media/1619716424330996210_1560109739,November 07 2017 - 02:07,October 06 2017 - 18:54,"<p>ğŸ˜„#kardesim ğŸ˜‡#iyiki <a href=""http://picbear.com/tag/doÄŸdun"" title=""posts tagged as doÄŸdun"">#doÄŸdun</a> ğŸ‚#iyikivarsin ğŸˆğŸ‡#nice <a href=""http://picbear.com/tag/mutluluk"" title=""posts tagged as mutluluk"">#mutluluk</a> ğŸğŸˆğŸ‡#doluyÄ±llar ğŸ‚ğŸ‰ğŸ†#diliyorumğŸ™ <a href=""http://picbear.com/tag/centilmen"" title=""posts tagged as centilmen"">#centilmen</a> <a href=""http://picbear.com/tag/adamgibiadam"" title=""posts tagged as adamgibiadam"">#adamgibiadam</a> ğŸˆğŸ‰ğŸ‡#seniseviyoruz ğŸ†ğŸˆğŸ™ğŸ‰ğŸ‚ğŸ</p>",102,18
November 07 2017 - 02:07,https://scontent.cdninstagram.com/t51.2885-15/s640x640/e35/c0.65.1080.1080/22158053_708987492629757_762421360067608576_n.jpg,http://picbear.com/media/1617551473386474766_1560109739,November 07 2017 - 02:07,October 03 2017 - 19:13,"<p>ğŸ€ğŸâ˜˜ï¸ğŸğŸ€ğŸâ˜˜ï¸ğŸ#renk <a href=""http://picbear.com/tag/renkliolsun"" title=""posts tagged as renkliolsun"">#renkliolsun</a> <a href=""http://picbear.com/tag/renklielbise"" title=""posts tagged as renklielbise"">#renklielbise</a> <a href=""http://picbear.com/tag/gÃ¼lÃ¼mse"" title=""posts tagged as gÃ¼lÃ¼mse"">#gÃ¼lÃ¼mse</a> <a href=""http://picbear.com/tag/hayÄ±rlÄ±sÄ±olsun"" title=""posts tagged as hayÄ±rlÄ±sÄ±olsun"">#hayÄ±rlÄ±sÄ±olsun</a> <a href=""http://picbear.com/tag/sevmek"" title=""posts tagged as sevmek"">#sevmek</a> <a href=""http://picbear.com/tag/ask"" title=""posts tagged as ask"">#ask</a> <a href=""http://picbear.com/tag/nefret"" title=""posts tagged as nefret"">#nefret</a> <a href=""http://picbear.com/tag/dugundernek"" title=""posts tagged as dugundernek"">#dugundernek</a></p>",130,10
November 07 2017 - 02:07,https://scontent.cdninstagram.com/t51.2885-15/s640x640/e35/c0.135.1080.1080/21984913_591076461227467_8432907027130351616_n.jpg,http://picbear.com/media/1614664038445112180_1560109739,November 07 2017 - 02:07,September 29 2017 - 19:36,"<p>ğŸ¦‹ğŸğŸ‘—ğŸ‘ ğŸ‘›ğŸ‘—ğŸ‘ ğŸ‘›ğŸ¦‹ğŸ#mutluhaftasonlarÄ± <a href=""http://picbear.com/tag/ensevdigimayakkabi"" title=""posts tagged as ensevdigimayakkabi"">#ensevdigimayakkabi</a> <a href=""http://picbear.com/tag/sacaksesuari"" title=""posts tagged as sacaksesuari"">#sacaksesuari</a> <a href=""http://picbear.com/tag/gulumseaska"" title=""posts tagged as gulumseaska"">#gulumseaska</a> <a href=""http://picbear.com/tag/sonbahar"" title=""posts tagged as sonbahar"">#sonbahar</a></p>",193,12
November 07 2017 - 02:07,https://scontent.cdninstagram.com/t51.2885-15/s640x640/e35/21910874_1317624251693469_7947342342749421568_n.jpg,http://picbear.com/media/1611758005959606767_1560109739,November 07 2017 - 02:07,September 25 2017 - 19:22,<p>ğŸˆğŸ‡ğŸğŸ‰ğŸ°ğŸ˜ğŸ‡ğŸˆğŸğŸ€ğŸ‹ğŸŠğŸˆğŸ˜ğŸ˜„ğŸ˜†ğŸ¤—ğŸ˜˜ğŸ˜ğŸ˜„ğŸ¤—ğŸ˜˜</p>,120,11
November 07 2017 - 02:07,https://scontent.cdninstagram.com/t51.2885-15/s640x640/e35/21820106_127031224612833_3899380196490346496_n.jpg,http://picbear.com/media/1606678678104628987_1560109739,November 07 2017 - 02:07,September 18 2017 - 19:10,<p>ğŸ’ƒğŸ¦‹ğŸğŸ¦‹ğŸ’ƒğŸğŸ¦‹ğŸ’ƒ</p>,151,14
November 07 2017 - 02:07,https://scontent.cdninstagram.com/t51.2885-15/s640x640/e35/21227576_195665664307323_1316948899801333760_n.jpg,http://picbear.com/media/1604530724040265076_1560109739,November 07 2017 - 02:07,September 15 2017 - 20:03,<p>ğŸ˜ŠğŸ˜„ğŸ˜‚ğŸ˜ŠğŸ˜„ğŸ˜˜ğŸ˜Š</p>,115,13
November 07 2017 - 02:07,https://scontent.cdninstagram.com/t51.2885-15/s640x640/e35/c0.135.1080.1080/21436301_1957922007796631_7864154753280770048_n.jpg,http://picbear.com/media/1602355214690445213_1560109739,November 07 2017 - 02:07,September 12 2017 - 20:00,<p>ğŸŒ¼ğŸŒ·ğŸ€ğŸŒ¸ğŸŒ·ğŸ€ğŸŒ¸ğŸŒ·ğŸŒ¼</p>,88,6
November 07 2017 - 02:07,https://scontent.cdninstagram.com/t51.2885-15/s640x640/e35/c0.48.780.780/21569043_116059489061026_1282901774922940416_n.jpg,http://picbear.com/media/1600163595933395256_1560109739,November 07 2017 - 02:07,September 09 2017 - 19:26,<p>ğŸˆâœ¨ğŸ˜„ğŸˆâœ¨ğŸ˜„ğŸˆ</p>,135,13
November 07 2017 - 02:07,https://scontent.cdninstagram.com/t51.2885-15/s640x640/e35/c0.135.1080.1080/21372993_137814113497543_7505853050846707712_n.jpg,http://picbear.com/media/1598029186258012981_1560109739,November 07 2017 - 02:08,September 06 2017 - 20:45,<p>ğŸ‘—ğŸ‘™ğŸ‘¡ğŸ‘“ğŸ‘’ğŸ’„ğŸ‘—</p>,102,11
November 07 2017 - 02:07,https://scontent.cdninstagram.com/t51.2885-15/s640x640/e35/21372927_117330682242269_8515312588953747456_n.jpg,http://picbear.com/media/1595787054617148637_1560109739,November 07 2017 - 02:08,September 03 2017 - 18:31,<p>ğŸğŸ¦‹ğŸ£ğŸ¾ğŸ£ğŸ¾ğŸ¦‹ğŸ</p>,135,12
November 07 2017 - 02:07,https://scontent.cdninstagram.com/t51.2885-15/s640x640/e35/c0.135.1080.1080/21294501_353489965084303_635243139300327424_n.jpg,http://picbear.com/media/1594941248636803086_1560109739,November 07 2017 - 02:08,September 02 2017 - 14:30,<p>CanÄ±m kuzenimle Bayram gezmeleriğŸ«ğŸ¬ğŸ­ğŸ«ğŸ­ğŸ¬ğŸ«ğŸ˜˜ğŸ¤—ğŸ˜˜ğŸ¤—</p>,121,11
November 07 2017 - 02:07,https://scontent.cdninstagram.com/t51.2885-15/s640x640/e35/21294419_1583831708306636_6668445590470262784_n.jpg,http://picbear.com/media/1594367851888439658_1560109739,November 07 2017 - 02:08,September 01 2017 - 19:31,<p>Herkese musmutlu bayramlar dilerim nice mutlu huzur dolu hayÄ±rlÄ± bayramlar olmasÄ± dileÄŸiyle ğŸ™ğŸ¬ğŸ˜„ğŸ¬ğŸ˜„ğŸ¬ğŸ˜„ğŸ™</p>,157,3
November 07 2017 - 02:07,https://scontent.cdninstagram.com/t51.2885-15/s640x640/e35/21224095_1745078155789863_8117768251372470272_n.jpg,http://picbear.com/media/1592943992626741549_1560109739,November 07 2017 - 02:08,August 30 2017 - 20:22,<p>BalÄ±k rakÄ±nÄ±n yanÄ±nda deÄŸilse bÄ±rak yÃ¼zmeye devam etsin ozaman be adamğŸŸğŸ¥‚ğŸŸğŸ·ğŸ¥‚ğŸŸğŸ·ğŸŸ</p>,105,4
November 07 2017 - 02:07,https://scontent.cdninstagram.com/t51.2885-15/s640x640/e35/21041083_141160379818747_503068114926174208_n.jpg,http://picbear.com/media/1590026815196204012_1560109739,November 07 2017 - 02:08,August 26 2017 - 19:46,"<p>""""Son trend beyaz atlet""""ğŸ’šğŸ’›ğŸ’™ğŸ’šğŸ’›</p>",87,1
November 07 2017 - 02:07,https://scontent.cdninstagram.com/t51.2885-15/s640x640/e35/c0.135.1080.1080/21042638_1837411006573719_964395719035191296_n.jpg,http://picbear.com/media/1588556627363791208_1560109739,November 07 2017 - 02:08,August 24 2017 - 19:05,"<p>""""Hayat seni Ã§ok seviyorum""""ğŸ’«â£ï¸ğŸ’«â£ï¸ğŸ’«â£ï¸ğŸ’«â£ï¸ğŸ’«â£ï¸ğŸ’«â£ï¸</p>",148,4
November 07 2017 - 02:07,https://scontent.cdninstagram.com/t51.2885-15/s640x640/e35/21042661_1611305988920309_2087242032979378176_n.jpg,http://picbear.com/media/1587115597485621073_1560109739,November 07 2017 - 02:08,August 22 2017 - 19:22,<p>ğŸ™ğŸ’œâ¤ï¸ğŸ’œâ¤ï¸ğŸ’œâ¤ï¸ğŸ’œğŸ™</p>,85,2
November 07 2017 - 02:07,https://scontent.cdninstagram.com/t51.2885-15/s640x640/e35/c0.39.963.963/20987015_112467706089750_1505479246628257792_n.jpg,http://picbear.com/media/1585791230654865978_1560109739,November 07 2017 - 02:08,August 20 2017 - 23:31,<p>ğŸ¤—ğŸ˜„ğŸ˜ƒğŸ˜„ğŸ˜ƒğŸ¤—</p>,75,2
November 07 2017 - 02:07,https://scontent.cdninstagram.com/t51.2885-15/s640x640/e35/c0.135.1080.1080/20905193_144888222767858_2557186621384425472_n.jpg,http://picbear.com/media/1582752876199820856_1560109739,November 07 2017 - 02:08,August 16 2017 - 18:54,<p>ğŸŒ¼ğŸ€ğŸŒ·ğŸŒ±ğŸŒ¹ğŸŒ¿ğŸŒ¸ğŸŒ´ğŸŒº</p>,106,4
November 07 2017 - 02:07,https://scontent.cdninstagram.com/t51.2885-15/s640x640/e35/c0.135.1080.1080/20837213_334049167008516_7813687620537417728_n.jpg,http://picbear.com/media/1579992471350231874_1560109739,November 07 2017 - 02:08,August 12 2017 - 23:30,<p>ğŸŒŸğŸˆğŸ†ğŸˆâœ¨ğŸˆğŸ‰ğŸˆ</p>,92,0
November 07 2017 - 02:07,https://scontent.cdninstagram.com/t51.2885-15/s640x640/e35/c0.135.1080.1080/20633604_1466448300101016_1145161430710878208_n.jpg,http://picbear.com/media/1576976199687361968_1560109739,November 07 2017 - 02:08,August 08 2017 - 19:37,<p>ğŸ’ƒğŸ’‹ğŸ’ƒğŸ’‹â˜˜ï¸ğŸŒ¼ğŸ€</p>,110,1
November 07 2017 - 02:07,https://scontent.cdninstagram.com/t51.2885-15/s640x640/e35/c0.135.1080.1080/20582529_1770298609651381_5318298856918614016_n.jpg,http://picbear.com/media/1574530935689103274_1560109739,November 07 2017 - 02:08,August 05 2017 - 10:38,"<p>""""""DÃ¼n geceden, ne eÄŸlendik be"""" ğŸ’ƒâ™¥ï¸ğŸ’ƒğŸŒ¼ğŸ’ƒğŸ’•ğŸ’ƒğŸ’–ğŸ’ƒ</p>",82,1
November 07 2017 - 02:07,https://scontent.cdninstagram.com/t51.2885-15/s640x640/e35/20589375_1940709712875149_6856379353454870528_n.jpg,http://picbear.com/media/1573381971749252319_1560109739,November 07 2017 - 02:08,August 03 2017 - 20:36,<p>ğŸ¦€ğŸ¦‚ğŸŒ´ğŸŒğŸ¦€ğŸ¦‚</p>,131,4
November 07 2017 - 02:07,https://scontent.cdninstagram.com/t51.2885-15/s640x640/e35/c0.135.1080.1080/20482072_107142139975373_5974639463987412992_n.jpg,http://picbear.com/media/1571196782960800605_1560109739,November 07 2017 - 02:08,July 31 2017 - 20:14,"<p>""""Ã‡ooooook seviliyorsun """"ğŸˆâ™¥ï¸ğŸˆâ™¥ï¸ğŸˆâ™¥ï¸ğŸ˜˜ğŸ˜˜ğŸ˜˜</p>",89,5
November 07 2017 - 02:07,https://scontent.cdninstagram.com/t51.2885-15/s640x640/e35/c0.135.1080.1080/20478875_406911933038239_6253549009487527936_n.jpg,http://picbear.com/media/1569758209250374360_1560109739,November 07 2017 - 02:08,July 29 2017 - 20:36,<p>ğŸ˜„ğŸ¬ğŸ¦‹ğŸ€ğŸğŸ˜„</p>,102,4
November 07 2017 - 02:07,https://scontent.cdninstagram.com/t51.2885-15/s640x640/e35/20347017_106919656643591_8659511378568019968_n.jpg,http://picbear.com/media/1566843894230778475_1560109739,November 07 2017 - 02:08,July 25 2017 - 20:06,,79,1
November 07 2017 - 02:07,https://scontent.cdninstagram.com/t51.2885-15/s640x640/e35/c0.135.1080.1080/20214618_986641251478082_315031049388163072_n.jpg,http://picbear.com/media/1564677208094464885_1560109739,November 07 2017 - 02:08,July 22 2017 - 20:21,<p>ğŸ˜„ğŸğŸ¦‹â˜€ï¸ğŸ”¥ğŸˆğŸ˜„</p>,103,6
November 07 2017 - 02:07,https://scontent.cdninstagram.com/t51.2885-15/s640x640/e35/20180718_1887185604878506_2968709381002100736_n.jpg,http://picbear.com/media/1562476601648464080_1560109739,November 07 2017 - 02:08,July 19 2017 - 19:29,<p>ğŸ˜ƒğŸ’–ğŸ–ï¸ğŸï¸ğŸ’–ğŸ˜ƒ</p>,77,4
November 07 2017 - 02:07,https://scontent.cdninstagram.com/t51.2885-15/s640x640/e35/c0.135.1080.1080/18251534_694262330922780_1221180230136233984_n.jpg,http://picbear.com/media/1560404942385046714_1560109739,November 07 2017 - 02:08,July 16 2017 - 22:53,<p>ğŸ˜ƒğŸšğŸğŸ˜ƒğŸšğŸ¤£</p>,70,3
November 07 2017 - 02:07,https://scontent.cdninstagram.com/t51.2885-15/s640x640/e35/c0.135.1080.1080/19985490_665770700286881_5784657465459081216_n.jpg,http://picbear.com/media/1558685330861461599_1560109739,November 07 2017 - 02:08,July 14 2017 - 13:56,<p>ğŸ˜ƒğŸ’ğŸ¦ğŸ˜ƒğŸ’ğŸ¦</p>,57,1
November 07 2017 - 02:07,https://scontent.cdninstagram.com/t51.2885-15/s640x640/e35/c0.134.1080.1080/19931799_1748562615442785_9029114501462491136_n.jpg,http://picbear.com/media/1555956703694758986_1560109739,November 07 2017 - 02:08,July 10 2017 - 19:35,<p>Ã‡ok ÅŸÃ¼kÃ¼r ğŸ™ bin ÅŸÃ¼kÃ¼r ğŸ™hayat seni Ã§ok seviyorum ğŸ’–ğŸ’‹ğŸ’–ğŸ’‹</p>,118,6
November 07 2017 - 02:07,https://scontent.cdninstagram.com/t51.2885-15/s640x640/e35/19931909_990149821088759_1161659456656769024_n.jpg,http://picbear.com/media/1553910946817087064_1560109739,November 07 2017 - 02:08,July 07 2017 - 23:50,<p>ğŸŒ¸ğŸµï¸ğŸŒ·ğŸŒºğŸŒ¸</p>,67,2
November 07 2017 - 02:07,https://scontent.cdninstagram.com/t51.2885-15/s640x640/e35/c0.135.1080.1080/19623631_2024935387734279_7056803061724872704_n.jpg,http://picbear.com/media/1551748143809226141_1560109739,November 07 2017 - 02:08,July 05 2017 - 00:13,<p>ğŸ¬ğŸğŸ¬ğŸğŸ˜ğŸŒ¼â™¥ï¸ğŸŒ¼â™¥ï¸</p>,101,3
November 07 2017 - 02:07,https://scontent.cdninstagram.com/t51.2885-15/s640x640/e35/c0.74.596.596/19624270_856319237857119_3276861318711214080_n.jpg,http://picbear.com/media/1549865349482826728_1560109739,November 07 2017 - 02:08,July 02 2017 - 09:52,<p>Mutlu pazarlar ğŸğŸğŸ’—ğŸ’—â˜ºï¸â˜ºï¸ğŸŒ¼ğŸŒ¼</p>,59,0
November 07 2017 - 02:07,https://scontent.cdninstagram.com/t51.2885-15/s640x640/e35/c0.97.780.780/19429360_703208466531715_7491105198304133120_n.jpg,http://picbear.com/media/1547347170219154472_1560109739,November 07 2017 - 02:08,June 28 2017 - 22:29,<p>Lades bitti bayÄ±m artÄ±k aklÄ±mda deÄŸilsin ki)))))))))))))))))))))</p>,60,0
November 07 2017 - 02:07,https://scontent.cdninstagram.com/t51.2885-15/s640x640/e35/19429091_231685444007867_7218340432449634304_n.jpg,http://picbear.com/media/1545084866769385894_1560109739,November 07 2017 - 02:08,June 25 2017 - 19:34,<p>Herkese coooookkkk mutlu bayramlar dilerimmm nice bayramlara inÅŸallah))))))))))))))))</p>,71,4
November 07 2017 - 02:07,https://scontent.cdninstagram.com/t51.2885-15/s640x640/e35/c0.135.1080.1080/19228652_931114067020748_8236497309395845120_n.jpg,http://picbear.com/media/1542898250743155043_1560109739,November 07 2017 - 02:08,June 22 2017 - 19:10,,60,3
November 07 2017 - 02:07,https://scontent.cdninstagram.com/t51.2885-15/s640x640/e35/19226992_288120648264776_6059507334856572928_n.jpg,http://picbear.com/media/1539272008739509038_1560109739,November 07 2017 - 02:08,June 17 2017 - 19:05,<p>Seni seviyorummm centilmen adam cansÄ±n cannn))))))))))))))</p>,55,1
November 07 2017 - 02:07,https://scontent.cdninstagram.com/t51.2885-15/s640x640/e35/c0.135.1080.1080/19121656_281607972304816_2019050944594968576_n.jpg,http://picbear.com/media/1536469333467666689_1560109739,November 07 2017 - 02:08,June 13 2017 - 22:17,<p>YeÅŸilin beÅŸ tonu)))))))))</p>,98,0
November 07 2017 - 02:07,https://scontent.cdninstagram.com/t51.2885-15/s640x640/e35/18948319_825726284248208_4770649453906362368_n.jpg,http://picbear.com/media/1534690687618906102_1560109739,November 07 2017 - 02:08,June 11 2017 - 11:23,"<p>""""CanÄ±m seni Ã§ok seviyorum"""" coooookkkk ÅŸanslÄ±yÄ±m senin gibi bi kardeÅŸe sahibim))))))))))))))</p>",54,3
November 07 2017 - 02:07,https://scontent.cdninstagram.com/t51.2885-15/s640x640/e35/c0.135.1080.1080/18947617_1756964174595183_8868257393427873792_n.jpg,http://picbear.com/media/1533352646828451792_1560109739,November 07 2017 - 02:08,June 09 2017 - 15:05,<p>Hayat... bana hissettirdiÄŸin herÅŸey iÃ§in teÅŸekkÃ¼r  ederim... Ã‡ok gÃ¼zelsin)))))))))))))))))))</p>,59,2
November 07 2017 - 02:07,https://scontent.cdninstagram.com/t51.2885-15/s640x640/e35/18947485_1177485432380688_29259709517135872_n.jpg,http://picbear.com/media/1532039827185121347_1560109739,November 07 2017 - 02:08,June 07 2017 - 19:36,"<p>""""Hayat TanrÄ± nÄ±n armaÄŸanÄ±dÄ±r"""" fakat iyi yaÅŸam senin dÃ¼ÅŸÃ¼ncenin  armaÄŸanÄ±dÄ±r...!!!</p>",77,3
November 07 2017 - 02:07,https://scontent.cdninstagram.com/t51.2885-15/s640x640/e35/c0.135.1080.1080/18947474_1703977426570166_537770187957469184_n.jpg,http://picbear.com/media/1529994883724821230_1560109739,November 07 2017 - 02:08,June 04 2017 - 23:53,"<p>""'her ÅŸeye inat en Ã§ok kendime gÃ¼lmekten gÃ¶zlerim yaÅŸarana kadar mutlu olacaÄŸÄ±m"""" filmin sonu mutlu bitiyor))))))))))</p>",101,0
November 07 2017 - 02:07,https://scontent.cdninstagram.com/t51.2885-15/s640x640/e35/c0.90.720.720/18879078_814446785385120_3508623371820597248_n.jpg,http://picbear.com/media/1528372518473556004_1560109739,November 07 2017 - 02:09,June 02 2017 - 18:10,"<p>::::""""""ÅŸÃ¼kÃ¼r her daim"""""":::::::</p>",58,2
November 07 2017 - 02:07,https://scontent.cdninstagram.com/t51.2885-15/s640x640/e35/c0.135.1080.1080/18645663_1102295043248368_1727855134043537408_n.jpg,http://picbear.com/media/1524061822009033039_1560109739,November 07 2017 - 02:09,May 27 2017 - 19:25,"<p>Herkese mutlu hafta sonlarÄ±,, ve hayÄ±rlÄ± Ramazanlar dilerimmm))))))))))</p>",63,2
November 07 2017 - 02:07,https://scontent.cdninstagram.com/t51.2885-15/s640x640/e35/c0.120.960.960/18581283_129715600915895_8520883685522669568_n.jpg,http://picbear.com/media/1521131752210677763_1560109739,November 07 2017 - 02:09,May 23 2017 - 18:24,<p>Bitanem seni Ã§ok seviyorum...)))))))))))))))))))</p>,79,2
November 07 2017 - 02:07,https://scontent.cdninstagram.com/t51.2885-15/s640x640/e35/c0.135.1080.1080/18581249_756204821226833_4602053218531278848_n.jpg,http://picbear.com/media/1517727537450857381_1560109739,November 07 2017 - 02:09,May 19 2017 - 01:40,<p>19 MayÄ±s A T A 'mÄ±zÄ± anma genÃ§lik ve spor bayramÄ±mÄ±z kutlu olsun...!!!!! ATAM izindeyiz)))&gt;)))))</p>,85,3
November 07 2017 - 02:07,https://scontent.cdninstagram.com/t51.2885-15/s640x640/e35/c0.135.1080.1080/18443236_123266541574716_8739572850320474112_n.jpg,http://picbear.com/media/1514363809644751673_1560109739,November 07 2017 - 02:09,May 14 2017 - 10:17,"<p>Anneler kÄ±zlarÄ±na acÄ±larÄ±nÄ± da sevinÃ§lerini de miras bÄ±rakÄ±rmÄ±ÅŸ... belkide bu yÃ¼zden daha Ã§abuk bÃ¼yÃ¼yoruz...ben iyi ki benim...""""senden sebep"""" sen iyi ki benim annemsin...""""Ä°YÄ° KÄ°""' bin minnet...</p>",71,0
November 07 2017 - 02:07,https://scontent.cdninstagram.com/t51.2885-15/s640x640/e35/c0.101.809.809/18381916_281669088905451_2220123682552938496_n.jpg,http://picbear.com/media/1512548892050554527_1560109739,November 07 2017 - 02:09,May 11 2017 - 22:11,"<p>""""""AÅK"""""" sen ne gÃ¼zelsin...hemde her halinle...))))))))))///))))))</p>",90,6
November 07 2017 - 02:07,https://scontent.cdninstagram.com/t51.2885-15/s640x640/e35/c0.135.1080.1080/18381802_1708379799179256_4518130906187169792_n.jpg,http://picbear.com/media/1508844980604940138_1560109739,November 07 2017 - 02:09,May 06 2017 - 19:32,,69,0
November 07 2017 - 02:07,https://scontent.cdninstagram.com/t51.2885-15/s640x640/e35/c135.0.810.810/18251549_514391208736013_8682092508429156352_n.jpg,http://picbear.com/media/1505927741903827586_1560109739,November 07 2017 - 02:09,May 02 2017 - 18:56,"<p>""""CanlarÄ±m la selfie keyfi"""" sizi Ã§ok seviyorum))))))))))))))</p>",69,1
November 07 2017 - 02:07,https://scontent.cdninstagram.com/t51.2885-15/s640x640/e35/c0.135.1080.1080/18095086_652355081615992_9073672622494973952_n.jpg,http://picbear.com/media/1503047152133627034_1560109739,November 07 2017 - 02:09,April 28 2017 - 19:33,<p>Mazeretim varrr asabiyim ben)))))))))))))))))))))</p>,70,7
November 07 2017 - 02:07,https://scontent.cdninstagram.com/t51.2885-15/s640x640/e35/c0.0.491.491/18013676_1663345497305689_8461919419545681920_n.jpg,http://picbear.com/media/1499545858412530531_1560109739,November 07 2017 - 02:09,April 23 2017 - 23:36,,76,3
November 07 2017 - 02:07,https://scontent.cdninstagram.com/t51.2885-15/s640x640/e35/17882690_1714861275478670_7439660741457608704_n.jpg,http://picbear.com/media/1496667698511592866_1560109739,November 07 2017 - 02:09,April 20 2017 - 00:18,,100,6
November 07 2017 - 02:07,https://scontent.cdninstagram.com/t51.2885-15/s640x640/e35/17934136_286949671754426_8625847373362364416_n.jpg,http://picbear.com/media/1493768143768007980_1560109739,November 07 2017 - 02:09,April 16 2017 - 00:17,<p>Kalbinin gÃ¼zelliÄŸi yÃ¼zÃ¼ne yansÄ±mÄ±ÅŸ adamsin canÄ±m ya))))))))))))))))</p>,91,4
November 07 2017 - 02:07,https://scontent.cdninstagram.com/t51.2885-15/s640x640/e35/c0.135.1080.1080/17495295_1310005872428650_6852312002245689344_n.jpg,http://picbear.com/media/1488680944680608556_1560109739,November 07 2017 - 02:09,April 08 2017 - 23:50,,119,15
November 07 2017 - 02:07,https://scontent.cdninstagram.com/t51.2885-15/s640x640/e35/c0.72.581.581/17494941_112269119318371_2625178582200090624_n.jpg,http://picbear.com/media/1485767582489578672_1560109739,November 07 2017 - 02:09,April 04 2017 - 23:21,"<p>""""sevmek sevilmek"""" ne gÃ¼zel kelimeler hemde her halleriyle...!!!!!!</p>",109,6
November 07 2017 - 02:07,https://scontent.cdninstagram.com/t51.2885-15/s640x640/e35/c0.69.552.552/17596490_1888589841364409_2405861218305703936_n.jpg,http://picbear.com/media/1483276559305749532_1560109739,November 07 2017 - 02:09,April 01 2017 - 12:52,<p>Herkese coooookkkk mutlu bi hafta sonu olmasÄ± dileÄŸiyle...)))))))))</p>,110,7
November 07 2017 - 02:07,https://scontent.cdninstagram.com/t51.2885-15/s640x640/e35/17586853_208969899587106_155059177062924288_n.jpg,http://picbear.com/media/1479958405388859432_1560109739,November 07 2017 - 02:09,March 27 2017 - 23:00,<p>Ä°nsanlara saygÄ±n sonsuz... Fakat sabrÄ±n sÄ±nÄ±rlÄ± olsun...))))))))))))</p>,92,8
November 07 2017 - 02:07,https://scontent.cdninstagram.com/t51.2885-15/s640x640/e35/c0.0.713.713/17438801_220802268399068_1628682535292633088_n.jpg,http://picbear.com/media/1477029763348766596_1560109739,November 07 2017 - 02:09,March 23 2017 - 22:01,<p>Ayakta kalmasÄ±nÄ± bilen insanlar iÃ§in kaybetmek bÃ¼yÃ¼k bir mesele deÄŸildir...!!!!!!!!!!</p>,149,9
November 07 2017 - 02:07,https://scontent.cdninstagram.com/t51.2885-15/s640x640/e35/17332739_777648045720132_8373556226981625856_n.jpg,http://picbear.com/media/1474224507724457086_1560109739,November 07 2017 - 02:09,March 20 2017 - 01:07,<p>Herkese iyi geceler...Musmutlu bir hafta olmasÄ± dileÄŸiyle))))))))))))</p>,105,13
November 07 2017 - 02:07,https://scontent.cdninstagram.com/t51.2885-15/s640x640/e35/c0.135.1080.1080/17265660_756044104553349_6309821649524883456_n.jpg,http://picbear.com/media/1471955904530678484_1560109739,November 07 2017 - 02:09,March 16 2017 - 22:00,<p>Seni Ã§ok Ã¶zledimmm.... Romantik adam seni seviyorum)))))))))))))</p>,86,7
November 07 2017 - 02:07,https://scontent.cdninstagram.com/t51.2885-15/s640x640/e35/c0.135.1080.1080/17333496_1887213201556288_5919299536227926016_n.jpg,http://picbear.com/media/1470518598632257780_1560109739,November 07 2017 - 02:09,March 14 2017 - 22:24,<p>Lades bitti bayÄ±m...ArtÄ±k aklÄ±mda deÄŸilsin ki...!!!!!!!</p>,102,8
November 07 2017 - 02:07,https://scontent.cdninstagram.com/t51.2885-15/s640x640/e35/c0.135.1080.1080/17265627_367288693671389_4614624519087194112_n.jpg,http://picbear.com/media/1468422993927841127_1560109739,November 07 2017 - 02:09,March 12 2017 - 01:01,,96,14
November 07 2017 - 02:07,https://scontent.cdninstagram.com/t51.2885-15/s640x640/e35/c0.135.1080.1080/17126062_1413624775355530_6015618554412400640_n.jpg,http://picbear.com/media/1467548160436334045_1560109739,November 07 2017 - 02:09,March 10 2017 - 20:03,<p>Bir kere alÄ±ÅŸtÄ±n mÄ± yalnÄ±zlÄ±ÄŸa... Resti Ã§ekersin her kafanÄ± bozana ...!!!!</p>,80,5
November 07 2017 - 02:07,https://scontent.cdninstagram.com/t51.2885-15/s640x640/e35/17125864_1909329275969442_6439092099185901568_n.jpg,http://picbear.com/media/1465544847297760051_1560109739,November 07 2017 - 02:09,March 08 2017 - 01:43,"<p>""""DÃ¼nya kadÄ±n haklarÄ± gÃ¼nÃ¼"""" kutlu olsunnn... Centilmen adam seni coooookkkk seviyorummmm</p>",54,5
November 07 2017 - 02:07,https://scontent.cdninstagram.com/t51.2885-15/s640x640/e35/c0.135.1080.1080/17077223_413028995698918_7256220871474282496_n.jpg,http://picbear.com/media/1464750059715577069_1560109739,November 07 2017 - 02:09,March 06 2017 - 23:23,"<p>GÃ¼n bitti...elde kalan ne varsa yarÄ±na kalacak...SaÄŸlÄ±k cepte olsun,, gerisini taÅŸÄ±rÄ±z yÃ¼rek heybemizde...!!!</p>",84,8
November 07 2017 - 02:07,https://scontent.cdninstagram.com/t51.2885-15/s640x640/e35/17076746_305395306542417_7379361406371495936_n.jpg,http://picbear.com/media/1462584341489849554_1560109739,November 07 2017 - 02:09,March 03 2017 - 23:41,<p>Herkese iyi geceler... Åahane bir hafta sonu dilerimmm...)))))))))))))</p>,76,7
November 07 2017 - 02:07,https://scontent.cdninstagram.com/t51.2885-15/s640x640/e35/c0.120.960.960/16906640_239903013138024_3494623955984056320_n.jpg,http://picbear.com/media/1461002538019228898_1560109739,November 07 2017 - 02:09,March 01 2017 - 19:18,"<p>""""Åimdi o Ä±ÅŸÄ±klÄ± yolu yalnÄ±z yÃ¼rÃ¼yorum"""" biliyormusun hala seviliyorsun bay doÄŸru!!!</p>",77,2
November 07 2017 - 02:07,https://scontent.cdninstagram.com/t51.2885-15/s640x640/e35/16585264_259698341152503_5471021838060486656_n.jpg,http://picbear.com/media/1459659525452112499_1560109739,November 07 2017 - 02:09,February 27 2017 - 22:49,"<p>""her ÅŸeye inat..en Ã§ok kendime gÃ¼lmekten gÃ¶zlerim yaÅŸarana kadar mutlu olacaÄŸÄ±m bundan sonra """"filmin sonu mutlu bitiyor""""</p>",81,13
November 07 2017 - 02:07,https://scontent.cdninstagram.com/t51.2885-15/s640x640/e35/c0.72.581.581/16788809_258347881277497_5910056727952228352_n.jpg,http://picbear.com/media/1458187591379869780_1560109739,November 07 2017 - 02:09,February 25 2017 - 22:05,"<p>""""Ã‡ocuklar"""" ne gÃ¼zelsiniz canlarÄ±m benim sizi Ã§ok seviyorummm)))))))</p>",80,7
November 07 2017 - 02:07,https://scontent.cdninstagram.com/t51.2885-15/s640x640/e35/16906609_1868588433412866_7246160554828496896_n.jpg,http://picbear.com/media/1456682893602960336_1560109739,November 07 2017 - 02:10,February 23 2017 - 20:15,<p>Hayat birilerini eyleyerek...AÃ§Ä±k kapatarak...Yara sararak...DeÄŸerli hissettirerek...Yer vererek...Susup gÃ¼lÃ¼mseyerek geÃ§er miydi?...</p>,79,9
November 07 2017 - 02:07,https://scontent.cdninstagram.com/t51.2885-15/s640x640/e35/c0.135.1080.1080/16585506_227809407691216_5296764376227774464_n.jpg,http://picbear.com/media/1453882375344168789_1560109739,November 07 2017 - 02:10,February 19 2017 - 23:31,<p>Herkese iyi geceler...Mutlu huzurlu bi hafta olmasÄ± dileÄŸiyle))))))))))</p>,95,13
November 07 2017 - 02:07,https://scontent.cdninstagram.com/t51.2885-15/s640x640/e35/c0.135.1080.1080/16790087_1833075606966215_5729318375218216960_n.jpg,http://picbear.com/media/1452395152253682752_1560109739,November 07 2017 - 02:10,February 17 2017 - 22:16,<p>Herkese coooookkkk mutlu bi hafta sonu dilerimmm...))))))))))))</p>,123,8
November 07 2017 - 02:07,https://scontent.cdninstagram.com/t51.2885-15/s640x640/e35/c0.90.720.720/16465853_1163348793764015_2765483794981978112_n.jpg,http://picbear.com/media/1451004559997004550_1560109739,November 07 2017 - 02:10,February 16 2017 - 00:14,"<p>""""CanlarÄ±m"""" sizi Ã§ok seviyorum iyi ki varsÄ±niz canlar))))))))))))))</p>",90,6
November 07 2017 - 02:07,https://scontent.cdninstagram.com/t51.2885-15/s640x640/e35/c0.135.1080.1080/16583903_1728483050797302_664976484925964288_n.jpg,http://picbear.com/media/1449489752386939312_1560109739,November 07 2017 - 02:10,February 13 2017 - 22:04,,77,3
November 07 2017 - 02:07,https://scontent.cdninstagram.com/t51.2885-15/s640x640/e35/16464978_371986539850916_3801755263434752000_n.jpg,http://picbear.com/media/1447340692083165821_1560109739,November 07 2017 - 02:10,February 10 2017 - 22:54,"<p>""""kendime not"""" doÄŸru bildiklerinden hiÃ§ ÅŸaÅŸma,,her gÃ¼n dima bi Ã§ocuÄŸun gÃ¶zlerine bakÄ±p gÃ¼lÃ¼mse,, sÃ¶ylenme,,kimseyi yargÄ±lama,,hayata hep GÃ¼lÃ¼mse,,Sev Ã‡oook Sev...!!!</p>",70,8
November 07 2017 - 02:07,https://scontent.cdninstagram.com/t51.2885-15/s640x640/e35/c0.135.1080.1080/16464970_1201922446591553_1789342787796205568_n.jpg,http://picbear.com/media/1445165728974481950_1560109739,November 07 2017 - 02:10,February 07 2017 - 22:53,<p>Mazeretim varrr asabiyim ben)))))))))))))))))</p>,79,12
November 07 2017 - 02:07,https://scontent.cdninstagram.com/t51.2885-15/s640x640/e35/16464528_1722546061390751_3442666735876964352_n.jpg,http://picbear.com/media/1443441748320167129_1560109739,November 07 2017 - 02:10,February 05 2017 - 13:48,"<p>Ã‡ok gÃ¼zel severim,,,sÃ¼rekli gÃ¶zlerinden Ã¶pmelere doyamam...neden mÄ±;;;""""""bana her daim bÃ¶ylesine gÃ¼zel baktÄ±ÄŸÄ±n iÃ§in""""""</p>",95,10
November 07 2017 - 02:07,https://scontent.cdninstagram.com/t51.2885-15/s640x640/e35/16464103_1448725451835624_9025696785531666432_n.jpg,http://picbear.com/media/1441512675217830519_1560109739,November 07 2017 - 02:10,February 02 2017 - 21:55,<p>Deli bile veriyor senden iyi kararlar...Deli bile senden iyi laf anlar...))))))))</p>,79,6
November 07 2017 - 02:07,https://scontent.cdninstagram.com/t51.2885-15/s640x640/e35/c0.72.581.581/16110338_1820912051482260_8961456856606179328_n.jpg,http://picbear.com/media/1437161336274764647_1560109739,November 07 2017 - 02:10,January 27 2017 - 21:50,"<p>""""Kim ne derse desin aÅŸk iÃ§in Ã¶nce hoÅŸ sonra boÅŸ gelir bee""""</p>",113,18
November 07 2017 - 02:07,https://scontent.cdninstagram.com/t51.2885-15/s640x640/e35/c0.135.1080.1080/16229404_966115736823843_4226251448511365120_n.jpg,http://picbear.com/media/1434274872648832253_1560109739,November 07 2017 - 02:10,January 23 2017 - 22:15,"<p>""""ÅÃ¼kÃ¼r her daim ÅŸÃ¼kÃ¼r""""</p>",109,14
November 07 2017 - 02:07,https://scontent.cdninstagram.com/t51.2885-15/s640x640/e35/c0.135.1080.1080/16123586_1073282372784153_2534247896841191424_n.jpg,http://picbear.com/media/1432104653725765367_1560109739,November 07 2017 - 02:10,January 20 2017 - 22:23,<p>Herkes iÃ§in coooookkkk gÃ¼zel bi hafta sonu olmasÄ± dileÄŸiyle...!!!)))))))))))))</p>,113,12
November 07 2017 - 02:07,https://scontent.cdninstagram.com/t51.2885-15/s640x640/e35/16122580_1539698486059583_8760958716552937472_n.jpg,http://picbear.com/media/1429206850053783102_1560109739,November 07 2017 - 02:10,January 16 2017 - 22:25,<p>Gidesi olmak...)))))))))</p>,111,12
November 07 2017 - 02:07,https://scontent.cdninstagram.com/t51.2885-15/s640x640/e35/c0.130.1036.1036/15877406_360648517648442_5715858407274053632_n.jpg,http://picbear.com/media/1427046645308087269_1560109739,November 07 2017 - 02:10,January 13 2017 - 22:53,<p>Denizi seviyorsan;;;;;; dalgalarÄ±nÄ± da seveceksinnn))))))))))))))</p>,134,9
November 07 2017 - 02:07,https://scontent.cdninstagram.com/t51.2885-15/s640x640/e35/15876637_870333953108530_6112455425393688576_n.jpg,http://picbear.com/media/1423508951009411969_1560109739,November 07 2017 - 02:10,January 09 2017 - 01:45,<p>Herkese coooookkkk Mutlu  hayÄ±rlÄ± bir hafta dilerimmm...))))))))))))</p>,118,18
November 07 2017 - 02:07,https://scontent.cdninstagram.com/t51.2885-15/s640x640/e35/c0.95.763.763/15803464_264733643940910_895463534043856896_n.jpg,http://picbear.com/media/1420507983674237363_1560109739,November 07 2017 - 02:10,January 04 2017 - 22:22,"<p>""""Hayat"""" vazgeÃ§meyeceÄŸim senden;; sevmekten;; gÃ¼lÃ¼msemekten;; inanmaktan;; tutkuyla baÄŸlanmak tan;; kÄ±ymet bilmekten;;;hicbirseyden korkmuyorum;;;;seni Ã§ok seviyorum """"hayat""""</p>",140,15
November 07 2017 - 02:07,https://scontent.cdninstagram.com/t51.2885-15/s640x640/e35/c0.135.1080.1080/15802228_145105142646092_1665261277104046080_n.jpg,http://picbear.com/media/1419048543175572359_1560109739,November 07 2017 - 02:10,January 02 2017 - 22:03,<p>HerÅŸeyi boÅŸver ve kaderini yaÅŸa yasayamiyorsan baÅŸtan yaz))))))</p>,109,11
November 07 2017 - 02:07,https://scontent.cdninstagram.com/t51.2885-15/s640x640/e35/c0.90.720.720/15803037_218334988575537_2305399506595741696_n.jpg,http://picbear.com/media/1416978810976434890_1560109739,November 07 2017 - 02:10,December 31 2016 - 01:30,"<p>""2016"" nÄ±n son fotoÄŸrafÄ±nÄ±da paylaÅŸalÄ±m... UmarÄ±m ""2017"" de  herÅŸey dilediÄŸiniz gibi olur...SaÄŸlÄ±k mutluluk herÅŸeyin hayÄ±rlÄ±sÄ± olmasÄ± dileÄŸiyleee)))))))))))))))</p>",85,8
November 07 2017 - 02:07,https://scontent.cdninstagram.com/t51.2885-15/s640x640/e35/c0.12.552.552/15539099_222324011548129_799285669959565312_n.jpg,http://picbear.com/media/1414663421588162949_1560109739,November 07 2017 - 02:10,December 27 2016 - 20:50,"<p>""""sitem""""i bÄ±rakÄ±nca yolunda aÃ§Ä±k oluyor,,,kalbinde rahat """"hayat sÃ¼rprizlerle dolu""""</p>",79,3
November 07 2017 - 02:07,https://scontent.cdninstagram.com/t51.2885-15/s640x640/e35/15538522_1192573044165242_448663433475260416_n.jpg,http://picbear.com/media/1411882487852033410_1560109739,November 07 2017 - 02:10,December 24 2016 - 00:45,"<p>""CanÄ±mmm"" seni coooookkkk seviyorummmm)))))))))))))))))</p>",99,15
November 07 2017 - 02:07,https://scontent.cdninstagram.com/t51.2885-15/s640x640/e35/c0.69.552.552/14128650_563473340525309_8216396179550765056_n.jpg,http://picbear.com/media/1409624900066400899_1560109739,November 07 2017 - 02:10,December 20 2016 - 22:00,<p>Hayat Ã§ok garip...))))))////))))/)))</p>,156,18
November 07 2017 - 02:07,https://scontent.cdninstagram.com/t51.2885-15/s640x640/e35/c0.90.720.720/15276560_1862051654030128_8741048957565665280_n.jpg,http://picbear.com/media/1406715959309427759_1560109739,November 07 2017 - 02:10,December 16 2016 - 21:40,"<p>""""Ãœzecekler seni hemde Ã§ok Ã¼zecekler iÅŸte ozaman aklÄ±na ben geleceÄŸim..'""</p>",103,7
November 07 2017 - 02:07,https://scontent.cdninstagram.com/t51.2885-15/s640x640/e35/c0.98.788.788/15538590_1727837944201279_8945094817914814464_n.jpg,http://picbear.com/media/1403805086211367329_1560109739,November 07 2017 - 02:10,December 12 2016 - 21:17,<p>YÃ¼zÃ¼nÃ¼zÃ¼ her daim gÃ¼ldÃ¼rÃ¼cek insanlar olsun hayatÄ±nÄ±zda)))))))))</p>,102,10
November 07 2017 - 02:07,https://scontent.cdninstagram.com/t51.2885-15/s640x640/e35/15259036_124188561403295_4637905019947974656_n.jpg,http://picbear.com/media/1400903083780957962_1560109739,November 07 2017 - 02:10,December 08 2016 - 21:11,<p>Bizzz dÃ¼nyanÄ±n en en tatliÅŸÅŸ kardeÅŸleri olabilirizzz...!!! Seviyorum siziiii))))))))</p>,107,9
November 07 2017 - 02:07,https://scontent.cdninstagram.com/t51.2885-15/s640x640/e35/c0.73.581.581/15337344_749174995230422_8166853379604086784_n.jpg,http://picbear.com/media/1398786005515080297_1560109739,November 07 2017 - 02:10,December 05 2016 - 23:05,<p>Bana sevmeyi anlatsana...))))))))))</p>,226,11
November 07 2017 - 02:07,https://scontent.cdninstagram.com/t51.2885-15/s640x640/e35/c0.73.581.581/15305970_1891010881185191_3560491449881460736_n.jpg,http://picbear.com/media/1395746623715393648_1560109739,November 07 2017 - 02:10,December 01 2016 - 18:26,<p>CanÄ±m...ya zamanda bize bÄ±rakÄ±yorsa...)))))))))))))))))</p>,109,2
November 07 2017 - 02:07,https://scontent.cdninstagram.com/t51.2885-15/s640x640/e35/c0.72.581.581/15275586_653248118183136_1052188647316520960_n.jpg,http://picbear.com/media/1393574062072158059_1560109739,November 07 2017 - 02:10,November 28 2016 - 18:29,<p>Gidesi olmak...!!!!!!!</p>,104,9
November 07 2017 - 02:07,https://scontent.cdninstagram.com/t51.2885-15/s640x640/e35/10424622_202665223516937_5755899519791267840_n.jpg,http://picbear.com/media/1389965858360734092_1560109739,November 07 2017 - 02:10,November 23 2016 - 19:01,<p>ÅÃ¼kÃ¼r...her an ÅŸÃ¼kÃ¼r)))))))))))))</p>,100,8
November 07 2017 - 02:07,https://scontent.cdninstagram.com/t51.2885-15/s640x640/e35/c0.135.1080.1080/15101688_1130149523747112_3560447387811971072_n.jpg,http://picbear.com/media/1387156396746865218_1560109739,November 07 2017 - 02:10,November 19 2016 - 21:59,<p>Mazeretim varrr asabiyim ben... ona gÃ¶re canÄ±m ))))))))))))))))))</p>,115,14
November 07 2017 - 02:07,https://scontent.cdninstagram.com/t51.2885-15/s640x640/e35/15056767_1519654198085804_3505465776289087488_n.jpg,http://picbear.com/media/1385616685800785704_1560109739,November 07 2017 - 02:10,November 17 2016 - 19:00,"<p>HiÃ§ kimsenin sahip olmadÄ±ÄŸÄ±, olamadÄ±ÄŸÄ± birÅŸeye sahipsin "" kendine"" senin hikÃ¢yen senin hayatÄ±n ozaman dilediÄŸin gibi istediÄŸin gibi yaÅŸa...!!!</p>",106,5
November 07 2017 - 02:07,https://scontent.cdninstagram.com/t51.2885-15/s640x640/e35/c0.120.960.960/15057225_125895741224312_6828553621848719360_n.jpg,http://picbear.com/media/1383509567505171589_1560109739,November 07 2017 - 02:10,November 14 2016 - 21:13,"<p>KÄ±ÅŸ,,soÄŸuk havalar dÄ±r,,,,, bir yÄ±ldan diÄŸer yÄ±la kÃ¶prÃ¼ kuran dÄ±r...bu yÃ¼zden de daha bi manidardÄ±r...!!!</p>",100,6
November 07 2017 - 02:07,https://scontent.cdninstagram.com/t51.2885-15/s640x640/e35/c0.120.960.960/15056550_324883171227976_5627783325411180544_n.jpg,http://picbear.com/media/1381286252158082977_1560109739,November 07 2017 - 02:10,November 11 2016 - 19:36,<p>GÃ¼lelim eÄŸlenelim...)))))))))))))</p>,111,9
November 07 2017 - 02:07,https://scontent.cdninstagram.com/t51.2885-15/s640x640/e35/14565115_1805197423028684_571364911045672960_n.jpg,http://picbear.com/media/1379080186615593559_1560109739,November 07 2017 - 02:10,November 08 2016 - 18:33,"<p>Ah benim iyimser yanÄ±m...ah benim aldanÄ±ÅŸlarÄ±m...ah benim kavgalarÄ±m...ah benim piÅŸmanlÄ±klarÄ±m..."" sus artÄ±k uslandÄ±r beni""</p>",216,9
November 07 2017 - 02:07,https://scontent.cdninstagram.com/t51.2885-15/s640x640/e35/14719120_1338953812783903_4908961647244083200_n.jpg,http://picbear.com/media/1375445670575714004_1560109739,November 07 2017 - 02:11,November 03 2016 - 18:12,"<p>""""""herÅŸeyin bir anlamÄ± olmamalÄ±""""""</p>",105,8
November 07 2017 - 02:07,https://scontent.cdninstagram.com/t51.2885-15/s640x640/e35/c0.135.1080.1080/14716495_1789232954695576_2390767036780249088_n.jpg,http://picbear.com/media/1371293623223719811_1560109739,November 07 2017 - 02:11,October 29 2016 - 00:42,"<p>""Cumhuriyetimizin"" 93.yÄ±lÄ±...29 Ekim Cumhuriyet bayramÄ±mÄ±z kutlu olsun...A T A M izindeÄŸizzz...!!!!</p>",93,7
November 07 2017 - 02:07,https://scontent.cdninstagram.com/t51.2885-15/s640x640/e35/c0.135.1080.1080/14723506_1275278749170923_6441177907103531008_n.jpg,http://picbear.com/media/1369676064518912106_1560109739,November 07 2017 - 02:11,October 26 2016 - 19:08,"<p>""CanÄ±msÄ±nnn"" bitanesinnnn iyi ki varsÄ±n seni coooookkkk seviyorummmm...!!!!!</p>",109,2
November 07 2017 - 02:07,https://scontent.cdninstagram.com/t51.2885-15/s640x640/e35/c0.135.1080.1080/14733686_153982098397769_5096166880696074240_n.jpg,http://picbear.com/media/1368161921429181097_1560109739,November 07 2017 - 02:11,October 24 2016 - 17:00,"<p>GideceÄŸim tek yer havaalanÄ±,,,bana lazÄ±m yeni yaÅŸam alanÄ±,,,hahaha!!!</p>",83,4
November 07 2017 - 02:07,https://scontent.cdninstagram.com/t51.2885-15/s640x640/e35/c0.120.960.960/14730471_1118000551609064_2433450962933776384_n.jpg,http://picbear.com/media/1366018354195751859_1560109739,November 07 2017 - 02:11,October 21 2016 - 18:01,<p>YeÄŸenlerrrr Ã§ok tatlÄ± oluyorlarrr.....seni Ã§ok seviyorum))))))))))))))))))))</p>,76,4
November 07 2017 - 02:07,https://scontent.cdninstagram.com/t51.2885-15/s640x640/e35/c0.135.1080.1080/14714622_561583240692659_6277245520880599040_n.jpg,http://picbear.com/media/1365273690979185375_1560109739,November 07 2017 - 02:11,October 20 2016 - 17:22,"<p>""""""Hayat, karÅŸÄ±ma ne getirirse getirsin ya, ben kaderimeee aÅŸÄ±ÄŸÄ±mmm"""""" bee..!!!!!!!!</p>",94,3
November 07 2017 - 02:07,https://scontent.cdninstagram.com/t51.2885-15/s640x640/e35/c0.135.1080.1080/14727540_1040267592785845_4398816633099911168_n.jpg,http://picbear.com/media/1363124409484891827_1560109739,November 07 2017 - 02:11,October 17 2016 - 18:11,"<p>Sev beni, alÄ±ÅŸ bana kimse Ã¼rkÃ¼temez baÄŸlandÄ±ÄŸÄ±mÄ±z gÃ¼zelliÄŸin tutkusunu...Sev beni, bir daÄŸ gÃ¶lgesi kadar sev...!!!</p>",97,5
November 07 2017 - 02:07,https://scontent.cdninstagram.com/t51.2885-15/s640x640/e35/14676516_531874393668166_7086388785029578752_n.jpg,http://picbear.com/media/1361056757123739642_1560109739,November 07 2017 - 02:11,October 14 2016 - 21:43,<p>Ne zaferimden vazgeciyorum ne de senden prensesler gibiyim baba evinde gerisini hikaye sayarÄ±m...!!!</p>,72,1
November 07 2017 - 02:07,https://scontent.cdninstagram.com/t51.2885-15/s640x640/e35/14606979_676989229134209_345942195305447424_n.jpg,http://picbear.com/media/1358093864279370399_1560109739,November 07 2017 - 02:11,October 10 2016 - 19:37,"<p>Bana Ã¶yle bakma,,,, anlayacaklar ikimize karÅŸÄ± bu dÃ¼nya Ã§okta gÃ¼zel olacak....!!!!Â¡!!!!</p>",105,5
November 07 2017 - 02:07,https://scontent.cdninstagram.com/t51.2885-15/s640x640/e35/c0.135.1080.1080/14582365_993866694069936_5428803194304069632_n.jpg,http://picbear.com/media/1356662299963826834_1560109739,November 07 2017 - 02:11,October 08 2016 - 20:12,"<p>Ä°ncelikleri Ã§ok olanÄ±n, incecik sÄ±zÄ±larÄ± geÃ§miyo hiÃ§...olsun sÄ±zÄ± kalsÄ±n...hiÃ§bir yalan mutluluk, sahici bi sÄ±zÄ±dan daha kÄ±ymetli deÄŸil...!!!</p>",82,4
November 07 2017 - 02:07,https://scontent.cdninstagram.com/t51.2885-15/s640x640/e35/14449082_967182796760566_1982280587112611840_n.jpg,http://picbear.com/media/1355148698836813321_1560109739,November 07 2017 - 02:11,October 06 2016 - 18:05,"<p>Zor olanÄ± seviyorrrr insan her defa gerÃ§eÄŸi kalpte,,,sahtesi dilde gizli..!!!</p>",69,3
November 07 2017 - 02:07,https://scontent.cdninstagram.com/t51.2885-15/s640x640/e35/14566652_336896783322270_388395352866160640_n.jpg,http://picbear.com/media/1353666135492509903_1560109739,November 07 2017 - 02:11,October 04 2016 - 17:00,"<p>""yan yana uyanamayanlar,,, yan yana uyanÄ±yor bazÄ± sabahlar"" uzaktannn!!!!</p>",84,1
November 07 2017 - 02:07,https://scontent.cdninstagram.com/t51.2885-15/s640x640/e35/c0.120.960.960/14482951_672558026232724_5854934374646022144_n.jpg,http://picbear.com/media/1351624519584008836_1560109739,November 07 2017 - 02:11,October 01 2016 - 21:23,<p>Bizimkisi bir tatliÅŸ kardeÅŸlik hikayesi...siyah beyaz film gibi biraz...!!!!!!!!!!!!</p>,79,2
November 07 2017 - 02:07,https://scontent.cdninstagram.com/t51.2885-15/s640x640/e35/c0.76.612.612/14499107_1797596023856110_8920541817028476928_n.jpg,http://picbear.com/media/1350123191502186525_1560109739,November 07 2017 - 02:11,September 29 2016 - 19:40,"<p>""KolaydÄ±r inanmak kadar inanmamakta"" ister sal kendini dÃ¼nyaya...ister kal yanÄ±mda...Ã§ok sevdim be seni...""yoluna baÅŸ koymak"" diyoruz biz barbarlar buna...!!!</p>",109,4
November 07 2017 - 02:07,https://scontent.cdninstagram.com/t51.2885-15/s640x640/e35/14448402_189658644803696_4314419344617504768_n.jpg,http://picbear.com/media/1348686395899763126_1560109739,November 07 2017 - 02:11,September 27 2016 - 20:06,<p>CanÄ±m:-|:-|:-| ya zamann da bize bÄ±rakÄ±yorsa :-|:-|:-|:-|</p>,74,1
November 07 2017 - 02:07,https://scontent.cdninstagram.com/t51.2885-15/s640x640/e35/14487243_1658171534511042_3372162519840849920_n.jpg,http://picbear.com/media/1346555614473600594_1560109739,November 07 2017 - 02:11,September 24 2016 - 21:32,"<p>Dualarrr,,, ediyorum harika bi ailem olduÄŸu iÃ§in ve Ã§oook ÅŸanslÄ± olduÄŸum iÃ§in..canÄ±m ailemle nice mutlu yÄ±llara...!!!!!!!!!</p>",80,4
November 07 2017 - 02:07,https://scontent.cdninstagram.com/t51.2885-15/s640x640/e35/c0.69.552.552/14288014_851565961646327_5035817509240963072_n.jpg,http://picbear.com/media/1346223625841267926_1560109739,November 07 2017 - 02:11,September 24 2016 - 10:33,"<p>Zaman...yeni yaÅŸlar...bizi gÃ¼zel yollara Ã§Ä±kar,,,iyi insanlarÄ±n olduÄŸu gÃ¼zel yarÄ±nlara... Nice gÃ¼zel yaÅŸlara...!!!!!!!!</p>",62,3
November 07 2017 - 02:07,https://scontent.cdninstagram.com/t51.2885-15/s640x640/e35/14374479_165233053922436_5324572356734091264_n.jpg,http://picbear.com/media/1345905535244850858_1560109739,November 07 2017 - 02:11,September 24 2016 - 00:01,"<p>Evet ben doÄŸmuÅŸum iyi ki,,, doÄŸmuÅŸum,, ""24 EYLÃœL"" vay be...geÃ§en gÃ¼zel yaslar..gelecek olan gÃ¼zel yaÅŸlara inÅŸallah...!!!!</p>",56,1
November 07 2017 - 02:07,https://scontent.cdninstagram.com/t51.2885-15/s640x640/e35/c0.135.1080.1080/14309820_190408621382888_1136293705_n.jpg,http://picbear.com/media/1343593508354756247_1560109739,November 07 2017 - 02:11,September 20 2016 - 19:27,"<p>Kim,.ne derse desin aÅŸk iÃ§in,,,,Ã¶nce hoÅŸ sonra boÅŸÅŸ gelir arkadaÅŸÄ±m...!!!</p>",127,4
November 07 2017 - 02:07,https://scontent.cdninstagram.com/t51.2885-15/s640x640/e35/c0.90.720.720/14287973_1760702014146584_1873500863_n.jpg,http://picbear.com/media/1341478747894936221_1560109739,November 07 2017 - 02:11,September 17 2016 - 21:25,<p>Mazeretim varrr!!!!!! Asabiyim ben!!!!!</p>,86,4
November 07 2017 - 02:07,https://scontent.cdninstagram.com/t51.2885-15/s640x640/e35/c0.135.1080.1080/14359490_1596277760666284_181590053_n.jpg,http://picbear.com/media/1339923582951688805_1560109739,November 07 2017 - 02:11,September 15 2016 - 17:56,"<p>Akdeniz akÅŸamlarÄ± bir baÅŸka oluyor..hele birde aylardan ""EYLÃœL"" bir baÅŸka gÃ¼zel oluyor bee...!!!!</p>",120,5
November 07 2017 - 02:07,https://scontent.cdninstagram.com/t51.2885-15/s640x640/e35/c0.120.960.960/14334792_1746040045647483_1258690721_n.jpg,http://picbear.com/media/1337794481587547054_1560109739,November 07 2017 - 02:11,September 12 2016 - 19:25,"<p>Herkese,,,,, mutlu,, huzurlu,,,hayÄ±rlÄ± bayramlar dilerim nice bayramlara... inÅŸallahhhh....!!!!!!</p>",65,1
November 07 2017 - 02:07,https://scontent.cdninstagram.com/t51.2885-15/s640x640/e35/c0.120.960.960/14295515_549238521926421_1088700109_n.jpg,http://picbear.com/media/1336356020787809264_1560109739,November 07 2017 - 02:11,September 10 2016 - 19:47,,67,6
November 07 2017 - 02:07,https://scontent.cdninstagram.com/t51.2885-15/s640x640/e35/14128904_1056463564468810_1057193082_n.jpg,http://picbear.com/media/1334891828754976949_1560109739,November 07 2017 - 02:11,September 08 2016 - 19:18,"<p>Seni sevmek ne zormuÅŸ...sevmicem senden baÅŸkasÄ±nÄ± belkide ""zor"" olmasÄ± nÄ± seviyorumdurrrrrrr!!!!!???</p>",96,5
November 07 2017 - 02:07,https://scontent.cdninstagram.com/t51.2885-15/s640x640/e35/c0.135.1080.1080/14099717_1101642233206336_1908831201_n.jpg,http://picbear.com/media/1333442433723259195_1560109739,November 07 2017 - 02:11,September 06 2016 - 19:19,,95,5
November 07 2017 - 02:07,https://scontent.cdninstagram.com/t51.2885-15/s640x640/e35/14033484_1062504997203383_690854474_n.jpg,http://picbear.com/media/1331333661169214205_1560109739,November 07 2017 - 02:11,September 03 2016 - 21:29,,68,9
November 07 2017 - 02:07,https://scontent.cdninstagram.com/t51.2885-15/s640x640/e35/c0.120.960.960/14134521_1121845471240936_1331846454_n.jpg,http://picbear.com/media/1328355270992068806_1560109739,November 07 2017 - 02:11,August 30 2016 - 18:51,"<p>Åimdiki aÅŸklar;; benzemez kimse sana,, ÅŸarkÄ±sÄ±yla baÅŸlayÄ±p;;;; artÄ±k sende herkez gibisin ÅŸiiriyle biten.. aÅŸklarÄ±nÄ±z...</p>",69,6
November 07 2017 - 02:07,https://scontent.cdninstagram.com/t51.2885-15/s640x640/e35/c0.135.1080.1080/14099914_117044335415097_362745639_n.jpg,http://picbear.com/media/1326890053770856771_1560109739,November 07 2017 - 02:11,August 28 2016 - 18:20,"<p>Boztepe...tÃ¼m ÅŸehir, ayaklarÄ±nÄ±n altÄ±nda,,, muhteÅŸem bi gÃ¶rsellik...</p>",104,3
November 07 2017 - 02:07,https://scontent.cdninstagram.com/t51.2885-15/s640x640/e35/c0.120.960.960/14145596_1259827097374407_1300361347_n.jpg,http://picbear.com/media/1324745947896505322_1560109739,November 07 2017 - 02:11,August 25 2016 - 19:20,"<p>""HerÅŸeye raÄŸmen ""kalmak"" tÄ± sorun;  kiÅŸilikte,. AÅŸkta,. DÃ¼ÅŸte,. Ä°nanÃ§ta ve Sevgide ""kalmak""...</p>",64,2
November 07 2017 - 02:07,https://scontent.cdninstagram.com/t51.2885-15/s640x640/e35/c0.120.960.960/13671721_1209159155798986_2139465094_n.jpg,http://picbear.com/media/1322605207380661937_1560109739,November 07 2017 - 02:11,August 22 2016 - 20:27,"<p>Sevmek hoÅŸlanmak...baÅŸka birÅŸey,,,ama istemek bÃ¼tÃ¼n ruhuyla bedeniyle istemek...iÅŸte asÄ±l aÅŸk budur..!!!!</p>",73,0
November 07 2017 - 02:07,https://scontent.cdninstagram.com/t51.2885-15/s640x640/e35/13696856_1138322742926248_191061457_n.jpg,http://picbear.com/media/1320395518236438872_1560109739,November 07 2017 - 02:11,August 19 2016 - 19:17,"<p>Biz,,. DÃ¼nyanÄ±n en tatliÅŸ kardeÅŸleri,,, canlarÄ±)))))))))))olabilirizzz....sizi Ã§ok seviyorummmmm!!!!!</p>",71,0
November 07 2017 - 02:07,https://scontent.cdninstagram.com/t51.2885-15/s640x640/e35/14052286_1064927306923797_784627697_n.jpg,http://picbear.com/media/1318234206832420095_1560109739,November 07 2017 - 02:11,August 16 2016 - 19:43,"<p>Åehirler,,, insanlar sokar hayatÄ±na,,,insanlar anÄ±lar bÄ±rakÄ±r hayatÄ±nda,,,ne gÃ¼zel guzellikler bÄ±rakmak hayata!!!!!!</p>",129,6
November 07 2017 - 02:07,https://scontent.cdninstagram.com/t51.2885-15/s640x640/e35/13658487_678126502338848_836658833_n.jpg,http://picbear.com/media/1316117448348633042_1560109739,November 07 2017 - 02:11,August 13 2016 - 21:37,"<p>Canimla uzanÄ±p,,,akÅŸam akÅŸam aÅŸkÄ±-gÄ±ybet konuÅŸmacalar hihihihihibihhihi!!!!!</p>",54,0
November 07 2017 - 02:07,https://scontent.cdninstagram.com/t51.2885-15/s640x640/e35/13743256_640165209481994_748826937_n.jpg,http://picbear.com/media/1314603014476258388_1560109739,November 07 2017 - 02:12,August 11 2016 - 19:28,"<p>""Hayat kÄ±sa diyor film"" bir ÅŸaire aÅŸÄ±k olmalÄ± birde daktilo almali,,,birde Ã§ay iceriz,,, ÅŸansÄ±mÄ±za belki yaÄŸmur da yaÄŸar damlalarindan ÅŸiir yazarÄ±z...sen gel gene de!!!!!</p>",80,4
November 07 2017 - 02:07,https://scontent.cdninstagram.com/t51.2885-15/s640x640/e35/c0.120.960.960/13731112_662521753901009_206451951_n.jpg,http://picbear.com/media/1311790462650055362_1560109739,November 07 2017 - 02:12,August 07 2016 - 22:20,<p>Seni seviyorum Ã§Ã¼nkÃ¼ yiÄŸenlerin en tatlÄ±sÄ±.^_^^_^^_^^_^:-|:-|:-|:-|:-|:-|:-|:-|</p>,61,7
November 07 2017 - 02:07,https://scontent.cdninstagram.com/t51.2885-15/s640x640/e35/13721263_1063519280364371_1671094259_n.jpg,http://picbear.com/media/1311017632056722082_1560109739,November 07 2017 - 02:12,August 06 2016 - 20:45,"<p>Bildiklerim, bilmediklerim, anladiklarim, anlayamadiklarim, hatalarim, yanlÄ±ÅŸlarÄ±m, dogrularim...bazen oturup bunlarÄ± temize Ã§ekmek gerek...,!!!!</p>",84,2
November 07 2017 - 02:07,https://scontent.cdninstagram.com/t51.2885-15/s640x640/e35/c0.135.1080.1080/13721164_641854639306349_1978398254_n.jpg,http://picbear.com/media/1308812353298656636_1560109739,November 07 2017 - 02:12,August 03 2016 - 19:43,"<p>""""Acele etme bu aÅŸk dediÄŸin,,,biraz zaman alÄ±yor,, bilenin ve Bana katlananin yanÄ±na kÃ¢r kalÄ±yor""""</p>",99,3
November 07 2017 - 02:07,https://scontent.cdninstagram.com/t51.2885-15/s640x640/e35/13741097_770272329779902_377574092_n.jpg,http://picbear.com/media/1307350926603863843_1560109739,November 07 2017 - 02:12,August 01 2016 - 19:19,<p>Deniziiii seviyorsannnn..... dalgalarÄ±nÄ± da seveceksinnnnnn.....!!!!!!!!</p>,74,3
November 07 2017 - 02:07,https://scontent.cdninstagram.com/t51.2885-15/s640x640/e35/13703162_1771022496451414_2005642197_n.jpg,http://picbear.com/media/1304462818627658436_1560109739,November 07 2017 - 02:12,July 28 2016 - 19:41,"<p>CanÄ±m Seni Ã‡ok Seviyorum,,,,iyi ki varsÄ±n iyi ki senin gibi bi kardeÅŸe sahibim... bitanesinnnn!!!??</p>",63,4
November 07 2017 - 02:07,https://scontent.cdninstagram.com/t51.2885-15/s640x640/e35/c0.135.1080.1080/13767688_1744546969154444_1293443955_n.jpg,http://picbear.com/media/1302996374882793046_1560109739,November 07 2017 - 02:12,July 26 2016 - 19:08,<p>Ne bekliyorduk ki...iyi biri olunca herÅŸeyin gÃ¶nlÃ¼mÃ¼zce olacaÄŸÄ±nÄ± mÄ±...ah canÄ±m vah canÄ±m...!!!!</p>,121,3
November 07 2017 - 02:07,https://scontent.cdninstagram.com/t51.2885-15/s640x640/e35/13714148_1748569398716054_1085259846_n.jpg,http://picbear.com/media/1300174189663340503_1560109739,November 07 2017 - 02:12,July 22 2016 - 21:41,"<p>KardeÅŸ,,,,,can can candÄ±r....seni coooookkkk seviyorummmm</p>",61,2
November 07 2017 - 02:07,https://scontent.cdninstagram.com/t51.2885-15/s640x640/e35/c0.68.546.546/13696985_583673868472166_1554074576_n.jpg,http://picbear.com/media/1297248226591763062_1560109739,November 07 2017 - 02:12,July 18 2016 - 20:47,"<p>Ã‡ok iyi bilirim kelebeklerin,, neden kÄ±rÄ±lgan olduklarÄ±nÄ±,,, k e l e b e k olmayÄ± sectiklerindendir!!!???</p>",65,7
November 07 2017 - 02:07,https://scontent.cdninstagram.com/t51.2885-15/s640x640/e35/13715164_1648425788811897_1135265340_n.jpg,http://picbear.com/media/1293615591680227051_1560109739,November 07 2017 - 02:12,July 13 2016 - 20:30,,87,9
November 07 2017 - 02:07,https://scontent.cdninstagram.com/t51.2885-15/s640x640/e35/13651812_613083432198316_1908029381_n.jpg,http://picbear.com/media/1292242611414938345_1560109739,November 07 2017 - 02:12,July 11 2016 - 23:02,"<p>""""kimsenin sahip olmadÄ±ÄŸÄ±, olamayacaÄŸÄ± bir ÅŸeye sahipsin KENDÄ°NE... senin sesin, senin aklÄ±n, senin hikÃ¢yen, senin bakÄ±ÅŸ aÃ§Ä±n...Ã¶yleyse yaz, Ã§iz, yarat,eÄŸlen, dans et...yalnÄ±zca senin sahip olabileceÄŸin o hayatÄ± yaÅŸa""""</p>",67,4
November 07 2017 - 02:07,https://scontent.cdninstagram.com/t51.2885-15/s640x640/e35/13658415_1785277185024887_1693905989_n.jpg,http://picbear.com/media/1290776656197339993_1560109739,November 07 2017 - 02:12,July 09 2016 - 22:29,"<p>YiÄŸenlerin,,,,en tatlÄ±sÄ± seni coooookkkk seviyorummmm^_^^_^^_^^_^:-|:-|</p>",58,1
November 07 2017 - 02:07,https://scontent.cdninstagram.com/t51.2885-15/s640x640/e35/c0.135.1080.1080/13561838_1035247193189633_629541933_n.jpg,http://picbear.com/media/1288543472114110924_1560109739,November 07 2017 - 02:12,July 06 2016 - 20:32,"<p>))))))))AkÄ±ÅŸÄ±naaa,,,,, bÄ±rakkkkk,,,,,,)))))))</p>",106,4
November 07 2017 - 02:07,https://scontent.cdninstagram.com/t51.2885-15/s640x640/e35/c0.135.1080.1080/13573532_1065821826798478_1075537626_n.jpg,http://picbear.com/media/1287035465232484455_1560109739,November 07 2017 - 02:12,July 04 2016 - 18:36,"<p>Bu ""Ã§iÃ§ekler kadar gÃ¼zel""bir bayram dilerim,,,mutlu bayramlar herkese!!!!</p>",67,1
November 07 2017 - 02:07,https://scontent.cdninstagram.com/t51.2885-15/s640x640/e35/c0.135.1080.1080/13549417_258040711232773_2094335142_n.jpg,http://picbear.com/media/1284207822619442583_1560109739,November 07 2017 - 02:12,June 30 2016 - 20:58,"<p>""iyi insanlar Ã§Ä±ksÄ±n karÅŸÄ±na ""der hep anneannem,, kÃ¶tÃ¼lerde Ã§Ä±kÄ±yor, ama iyiler hep kalÄ±r  yÄ±llara ve yollara devam!!!????</p>",78,5
November 07 2017 - 02:07,https://scontent.cdninstagram.com/t51.2885-15/s640x640/e35/c0.76.612.612/13437404_238788843172971_407668265_n.jpg,http://picbear.com/media/1280694979588780290_1560109739,November 07 2017 - 02:12,June 26 2016 - 00:39,<p>Mazeretim var!!!! Asabiyim ben^_^^_^</p>,71,3
November 07 2017 - 02:07,https://scontent.cdninstagram.com/t51.2885-15/s640x640/e35/13392724_1000941216626634_1053377762_n.jpg,http://picbear.com/media/1277677328784822391_1560109739,November 07 2017 - 02:12,June 21 2016 - 20:43,"<p>"" artÄ±k Ã§ocuk deÄŸiliz,,, susarak da konuÅŸabiliriz"" /////////</p>",70,3
November 07 2017 - 02:07,https://scontent.cdninstagram.com/t51.2885-15/s640x640/e35/c0.135.1080.1080/13423434_1073256042755507_66089114_n.jpg,http://picbear.com/media/1274771609077027046_1560109739,November 07 2017 - 02:12,June 17 2016 - 20:30,<p>Herkese coooookkkk mutlu bir hafta sonu dilerimmm ^_^^_^^_^^_^</p>,98,8
November 07 2017 - 02:07,https://scontent.cdninstagram.com/t51.2885-15/s640x640/e35/c0.120.960.960/13408859_1034976933260755_197813664_n.jpg,http://picbear.com/media/1272003825213510094_1560109739,November 07 2017 - 02:12,June 14 2016 - 00:51,,75,7
November 07 2017 - 02:07,https://scontent.cdninstagram.com/t51.2885-15/s640x640/e35/13423447_597734093725688_2070921610_n.jpg,http://picbear.com/media/1269715894608204347_1560109739,November 07 2017 - 02:12,June 10 2016 - 21:05,<p>Herkese coooookkkk mutlu hafta sonlarÄ± dilerimmm (^^)(^^)(^^)</p>,75,5
November 07 2017 - 02:07,https://scontent.cdninstagram.com/t51.2885-15/s640x640/e35/c0.120.960.960/13408794_1656379208013745_382857158_n.jpg,http://picbear.com/media/1268983057760260218_1560109739,November 07 2017 - 02:12,June 09 2016 - 20:49,"<p>ÅarkÄ± sÃ¶ylemek bir hikaye anlatmaktÄ±r,,,peki bizim hikÃ¢yenin ÅŸarkÄ±sÄ±,,,""bana Ã¶yle bakma anlayacaklar""</p>",60,0
November 07 2017 - 02:07,https://scontent.cdninstagram.com/t51.2885-15/s640x640/e35/c0.98.786.786/13298154_1016694915092351_813098948_n.jpg,http://picbear.com/media/1266808955733676682_1560109739,November 07 2017 - 02:12,June 06 2016 - 20:50,"<p>Ne olursa olsun,,,hep mutlu ol,,,, hiÃ§birÅŸey senden deÄŸerli deÄŸildir,,,</p>",72,2
November 07 2017 - 02:07,https://scontent.cdninstagram.com/t51.2885-15/s640x640/e35/c0.120.960.960/13329134_1075688462525179_1429144312_n.jpg,http://picbear.com/media/1264640897002902004_1560109739,November 07 2017 - 02:12,June 03 2016 - 21:02,<p>Coooookkkk mutlu bir hafta sonu dilerimmm)))))))))))))))))))))))))))</p>,44,1
November 07 2017 - 02:07,https://scontent.cdninstagram.com/t51.2885-15/s640x640/e35/13320312_640880129393390_115549850_n.jpg,http://picbear.com/media/1262429309676163512_1560109739,November 07 2017 - 02:12,May 31 2016 - 19:48,<p>GÃ¼zel ÅŸeylere konsantre olmali...ruhun yaralarÄ±na ÅŸifayla))))))))))))))))))</p>,48,1
November 07 2017 - 02:07,https://scontent.cdninstagram.com/t51.2885-15/s640x640/e35/c0.120.960.960/13260969_1762942097281147_940459913_n.jpg,http://picbear.com/media/1260357759682613287_1560109739,November 07 2017 - 02:12,May 28 2016 - 23:12,<p>Tek mÃ¼lkiyet;;;;yÃ¼rek hakkÄ±)))))))</p>,46,1
November 07 2017 - 02:07,https://scontent.cdninstagram.com/t51.2885-15/s640x640/e35/13256770_602386943249828_2094085358_n.jpg,http://picbear.com/media/1258201311263462055_1560109739,November 07 2017 - 02:12,May 25 2016 - 23:48,<p>Belkide son gece...bilmem belkide ilk...neyse ya bilmemek ne gÃ¼zel...</p>,67,1
November 07 2017 - 02:07,https://scontent.cdninstagram.com/t51.2885-15/s640x640/e35/13181526_980766602019712_1551976434_n.jpg,http://picbear.com/media/1256711563135030000_1560109739,November 07 2017 - 02:12,May 23 2016 - 22:28,"<p>Biliyormusun,,,,Ã§Ã¼nkÃ¼ herÅŸey sende gizli...&amp;&amp;&amp;&amp;&amp;</p>",45,1
November 07 2017 - 02:07,https://scontent.cdninstagram.com/t51.2885-15/s640x640/e35/13266721_984995351597087_1349224906_n.jpg,http://picbear.com/media/1254502170956010422_1560109739,November 07 2017 - 02:12,May 20 2016 - 21:18,<p>Herkese cokkkkk mutlu bi hafta sonu dilerimmm=_==_==_==_==_=</p>,44,0
November 07 2017 - 02:07,https://scontent.cdninstagram.com/t51.2885-15/s640x640/e35/13260835_1359443187404925_1447997707_n.jpg,http://picbear.com/media/1252285484362240876_1560109739,November 07 2017 - 02:12,May 17 2016 - 19:54,"<p>GÃ¼lÃ¼msemek yan etkisi olmayan ilaÃ§ gibi biseydir GÃ¼lÃ¼mse her daim ""ÅŸair ruhlu adamÄ±m""</p>",63,3
November 07 2017 - 02:07,https://scontent.cdninstagram.com/t51.2885-15/s640x640/e35/13108585_493266360872629_1374888914_n.jpg,http://picbear.com/media/1250899146538881720_1560109739,November 07 2017 - 02:12,May 15 2016 - 22:00,<p>KaÃ§ yÄ±l geÃ§ti aradan ayrÄ± ayrÄ± bitsin artÄ±k bu hasret buluÅŸalÄ±m gayrÄ±/////</p>,61,2
November 07 2017 - 02:07,https://scontent.cdninstagram.com/t51.2885-15/s640x640/e35/13108531_126346607769857_580149117_n.jpg,http://picbear.com/media/1248744830881370330_1560109739,November 07 2017 - 02:12,May 12 2016 - 22:40,"<p>Bakarsan,,, gÃ¶rÃ¼rsÃ¼n ""iyi ki"" lerini bak ozaman iyice bak sÃ¶ylenme enazindan!!!!!!</p>",57,1
November 07 2017 - 02:07,https://scontent.cdninstagram.com/t51.2885-15/s640x640/e35/13102308_449581155240723_1117683164_n.jpg,http://picbear.com/media/1246550336794661358_1560109739,November 07 2017 - 02:12,May 09 2016 - 22:00,<p>Denizleri aÅŸ gel gel aÅŸkÄ±m seni coooookkkk  seviyorumm!!!</p>,65,1
November 07 2017 - 02:07,https://scontent.cdninstagram.com/t51.2885-15/s640x640/e35/13151130_212150345844012_543146707_n.jpg,http://picbear.com/media/1245187612198178846_1560109739,November 07 2017 - 02:12,May 08 2016 - 00:52,"<p>AllahÄ±m tek dileÄŸim var,,,Annelerimizi baÅŸÄ±mÄ±zdan eksik etme,,,canÄ±m annem baÅŸta olmak Ã¼zere,,, Anneler gÃ¼nÃ¼nÃ¼z kutlu olsun canlar!!!!!</p>",54,0
November 07 2017 - 02:07,https://scontent.cdninstagram.com/t51.2885-15/s640x640/e35/c0.67.540.540/13151377_1724946177784269_358467537_n.jpg,http://picbear.com/media/1243657844587893104_1560109739,November 07 2017 - 02:12,May 05 2016 - 22:13,<p>Cokkkkkk seviliyorsunuz canlar!!!</p>,65,2
November 07 2017 - 02:07,https://scontent.cdninstagram.com/t51.2885-15/s640x640/e35/13151108_1073693712680478_2046311608_n.jpg,http://picbear.com/media/1242954993960096598_1560109739,November 07 2017 - 02:12,May 04 2016 - 22:56,"<p>Biri,, geliyor hayatÄ±mÄ±za ve bi makas atÄ±yor,,, Ã¶ncesi sonrasÄ± diye dÃ¼ÅŸÃ¼nÃ¼yoruz!!!!!!!!!</p>",53,0
November 07 2017 - 02:07,https://scontent.cdninstagram.com/t51.2885-15/s640x640/e35/c0.135.1080.1080/13151309_1011069278979908_962652746_n.jpg,http://picbear.com/media/1241485352041582874_1560109739,November 07 2017 - 02:12,May 02 2016 - 22:16,<p>GÃ¼zel gÃ¼nlerrrrr gÃ¶relim coooookkkk gÃ¼zel gÃ¼nler))))))))))))))))))))))))))</p>,40,1
November 07 2017 - 02:07,https://scontent.cdninstagram.com/t51.2885-15/s640x640/e35/c0.135.1080.1080/13129172_990876220989610_55512440_n.jpg,http://picbear.com/media/1239331089173582419_1560109739,November 07 2017 - 02:12,April 29 2016 - 22:56,"<p>EÄŸer bir erkekle mutlu olmak istiyorsan,, onu anla,, sevmesen de olur... Bir kadÄ±nla mutlu olmak istiyorsan onu coooookkkk sev,,anlamasanda olur!!!</p>",87,4
November 07 2017 - 02:07,https://scontent.cdninstagram.com/t51.2885-15/s640x640/e35/12965848_1615263565466181_1272692782_n.jpg,http://picbear.com/media/1237140786958176922_1560109739,November 07 2017 - 02:13,April 26 2016 - 22:24,"<p>Ladesss,,,,bitti bayÄ±m artÄ±k aklÄ±mda deÄŸilsinnnn ki)))))))))))))))))))))))))</p>",58,1
November 07 2017 - 02:07,https://scontent.cdninstagram.com/t51.2885-15/s640x640/e35/12965729_1727454754165325_281949687_n.jpg,http://picbear.com/media/1235601780176982359_1560109739,November 07 2017 - 02:13,April 24 2016 - 19:27,"<p>KardeÅŸler,,,,selfisi canlarim benim sizi coooookkkk seviyorummmm!!!!!!!</p>",61,2
November 07 2017 - 02:07,https://scontent.cdninstagram.com/t51.2885-15/s640x640/e35/12930716_1727443434207530_1823525163_n.jpg,http://picbear.com/media/1234266569401045147_1560109739,November 07 2017 - 02:13,April 22 2016 - 23:14,<p>A T A M izindeÄŸizzz!!!!! 23 Nisan ulusal egemenlik ve Ã§ocuk bayramÄ±niz kutlu olsun!!! Ã‡ocuklar hep GÃ¼lsÃ¼nn!!!</p>,45,0
November 07 2017 - 02:07,https://scontent.cdninstagram.com/t51.2885-15/s640x640/e35/12519670_173469946380131_1855408570_n.jpg,http://picbear.com/media/1232789814379155982_1560109739,November 07 2017 - 02:13,April 20 2016 - 22:20,"<p>Ellerime kÄ±na yaktÄ±m ellerime,,,gozlerime sÃ¼rmede Ã§ektim coooookkkk mutluyum!!!!!</p>",50,1
November 07 2017 - 02:07,https://scontent.cdninstagram.com/t51.2885-15/s640x640/e35/c0.135.1080.1080/12940203_1718569391748526_1435777372_n.jpg,http://picbear.com/media/1231343057581511558_1560109739,November 07 2017 - 02:13,April 18 2016 - 22:25,"<p>BaÅŸkasÄ± olma,,,her zaman ve her yerde kendin ol gÃ¶r ozaman mutluluÄŸu!!!!!</p>",53,0
November 07 2017 - 02:07,https://scontent.cdninstagram.com/t51.2885-15/s640x640/e35/12918420_438782256332078_1201842340_n.jpg,http://picbear.com/media/1229156988492583691_1560109739,November 07 2017 - 02:13,April 15 2016 - 22:02,"<p>Herkese,,,,mutluuu huzurlu bol bol,,,eÄŸlenceli bir hafta sonu dilerimmm/////</p>",46,1
November 07 2017 - 02:07,https://scontent.cdninstagram.com/t51.2885-15/s640x640/e35/12445858_451075698421133_900221369_n.jpg,http://picbear.com/media/1227728529404859372_1560109739,November 07 2017 - 02:13,April 13 2016 - 22:44,"<p>Bu hayatta,, insanlar neden mutsuz lar hic anlamÄ±yorum,,,, halbuki mutlu olmak iÃ§in BÄ°RMÄ°lYON neden varken!!</p>",75,5
November 07 2017 - 02:07,https://scontent.cdninstagram.com/t51.2885-15/s640x640/e35/c0.135.1080.1080/12965224_1775757289326402_929214362_n.jpg,http://picbear.com/media/1226263160316105432_1560109739,November 07 2017 - 02:13,April 11 2016 - 22:13,<p>Mazeretimmm varrrr asabiyimmm ben)))))))))))))))))))))))))))))))</p>,40,0
November 07 2017 - 02:07,https://scontent.cdninstagram.com/t51.2885-15/s640x640/e35/12935095_1052134498174272_1828193084_n.jpg,http://picbear.com/media/1224116635754434759_1560109739,November 07 2017 - 02:13,April 08 2016 - 23:08,"<p>Annemin, Ã¶zenle binbir emekle,, baktÄ±ÄŸÄ± Ã§iÃ§ekler kadar gÃ¼zel rengarenk.. Bi hafta sonu dilerimmm</p>",45,0
November 07 2017 - 02:07,https://scontent.cdninstagram.com/t51.2885-15/s640x640/e35/c0.135.1080.1080/12519112_246986072317818_1809829052_n.jpg,http://picbear.com/media/1221908312393126239_1560109739,November 07 2017 - 02:13,April 05 2016 - 22:00,"<p>GÃ¼lÃ¼mseyin,,,, su akar yolunu bulur elbet)))))))))))))))))))))))))</p>",60,0
November 07 2017 - 02:07,https://scontent.cdninstagram.com/t51.2885-15/s640x640/e35/c0.125.1003.1003/12530950_541077646073033_1684216922_n.jpg,http://picbear.com/media/1219814646589559021_1560109739,November 07 2017 - 02:13,April 03 2016 - 00:40,<p>Herkese iyi gecelerrrr!!!!!!mutlu Ã§ooook mutlu pazarlar dilerim///</p>,55,6
November 07 2017 - 02:07,https://scontent.cdninstagram.com/t51.2885-15/s640x640/e35/c0.135.1080.1080/12918507_1020861551316522_625346000_n.jpg,http://picbear.com/media/1218278349857231430_1560109739,November 07 2017 - 02:13,March 31 2016 - 21:48,<p>Of of yeÅŸil yeÅŸillik)))))))))))))))))))</p>,78,3
November 07 2017 - 02:07,https://scontent.cdninstagram.com/t51.2885-15/s640x640/e35/c0.90.720.720/12912442_211644095867525_63757589_n.jpg,http://picbear.com/media/1216121484918526641_1560109739,November 07 2017 - 02:13,March 28 2016 - 22:23,<p>Bu kardeÅŸler ne tatlÄ± oluyor bÃ¶yle AllahÄ±mm...Ã§okkkk seviyorum///////</p>,42,1
November 07 2017 - 02:07,https://scontent.cdninstagram.com/t51.2885-15/s640x640/e35/c0.135.1080.1080/12383495_193840924329927_1457473009_n.jpg,http://picbear.com/media/1213957662283797056_1560109739,November 07 2017 - 02:13,March 25 2016 - 21:44,<p>Hafta sonunuz bu gÃ¼zel Ã§iÃ§ekler kadar  harika geÃ§mesi dileÄŸiyle)))))))))))))))))))</p>,42,1
November 07 2017 - 02:07,https://scontent.cdninstagram.com/t51.2885-15/s640x640/e35/c0.135.1080.1080/925442_1576193086031285_1544767986_n.jpg,http://picbear.com/media/1211693098741666755_1560109739,November 07 2017 - 02:13,March 22 2016 - 18:44,"<p>Mazaretimmm,,, varrr,,,,asabiyimmm bennn))))))))))))))))))))))))))))))))))</p>",55,2
November 07 2017 - 02:07,https://scontent.cdninstagram.com/t51.2885-15/s640x640/e35/c0.109.875.875/1171955_1131684773531543_291716652_n.jpg,http://picbear.com/media/1210352296513901332_1560109739,November 07 2017 - 02:13,March 20 2016 - 22:20,"<p>BazÄ± kadÄ±nlar yakalanamaz,,, durdurulamaz,,,ve kimseye ait olamazlar..</p>",49,1
November 07 2017 - 02:07,https://scontent.cdninstagram.com/t51.2885-15/s640x640/e35/c0.117.941.941/10354503_955408711241392_1493395932_n.jpg,http://picbear.com/media/1208150841266671728_1560109739,November 07 2017 - 02:13,March 17 2016 - 21:27,"<p>BalÄ±k rakÄ±nÄ±n yanÄ±nda deÄŸilse,,,,, bÄ±rak yÃ¼zmeye devam etsin be adam///..///</p>",54,0
November 07 2017 - 02:07,https://scontent.cdninstagram.com/t51.2885-15/s640x640/e35/c0.135.1080.1080/12797933_521575731366037_2110858638_n.jpg,http://picbear.com/media/1206005388953653774_1560109739,November 07 2017 - 02:13,March 14 2016 - 22:24,<p>GÃ¼lÃ¼mseyin her daim))))))))))))))))))))))</p>,75,2
November 07 2017 - 02:07,https://scontent.cdninstagram.com/t51.2885-15/s640x640/e35/c0.109.874.874/12751546_197871980580189_60173298_n.jpg,http://picbear.com/media/1203837217001836726_1560109739,November 07 2017 - 02:13,March 11 2016 - 22:36,<p>Herkese mutlu Ã§ok mutlu hafta sonlarÄ± dilerimmm (((((((((((((((((((((((((((((((</p>,66,0
November 07 2017 - 02:07,https://scontent.cdninstagram.com/t51.2885-15/s640x640/e35/12677509_787187541415029_1466090534_n.jpg,http://picbear.com/media/1201625694686810906_1560109739,November 07 2017 - 02:13,March 08 2016 - 21:22,"<p>CanÄ±m kardeÅŸimle,,,8 Mart dÃ¼nya kadÄ±nlar gÃ¼nÃ¼ selfisi,,,canÄ±m ya seni Ã§ok seviyorummm/////</p>",55,4
November 07 2017 - 02:07,https://scontent.cdninstagram.com/t51.2885-15/s640x640/e35/c0.135.1080.1080/12822422_820358244736363_2100250470_n.jpg,http://picbear.com/media/1200189880366928721_1560109739,November 07 2017 - 02:13,March 06 2016 - 21:50,"<p>Kim ne derse desin aÅŸk iÃ§in Ã¶nce hoÅŸ sonra,,,boÅŸ gelirrr///////</p>",54,1
November 07 2017 - 02:07,https://scontent.cdninstagram.com/t51.2885-15/s640x640/e35/12798008_583239175167036_1273682371_n.jpg,http://picbear.com/media/1197942568978616823_1560109739,November 07 2017 - 02:13,March 03 2016 - 19:25,"<p>BaÅŸarÄ±nÄ±n,,,, sÄ±rrÄ±!!!!!! Ä°yi niyet ve sabÄ±rdÄ±r///</p>",47,1
November 07 2017 - 02:07,https://scontent.cdninstagram.com/t51.2885-15/s640x640/e35/12751223_1690856831168783_2134914649_n.jpg,http://picbear.com/media/1196280458812986059_1560109739,November 07 2017 - 02:13,March 01 2016 - 12:22,<p>Bizimkisi bi aÅŸk hikÃ¢yesi roman gibi film gibi siyah beyaz)))))))))))))))))))))))))</p>,61,5
November 07 2017 - 02:07,https://scontent.cdninstagram.com/t51.2885-15/s640x640/e35/c0.135.1080.1080/12728711_466485553546845_938758763_n.jpg,http://picbear.com/media/1195174741100073060_1560109739,November 07 2017 - 02:14,February 28 2016 - 23:45,"<p>Herkese iyi gecelerrrr,,,,, ve mutlu huzurlu bi hafta dilerimmm///</p>",49,3
November 07 2017 - 02:07,https://scontent.cdninstagram.com/t51.2885-15/s640x640/e35/c0.135.1080.1080/12750180_1519473471689318_1814464265_n.jpg,http://picbear.com/media/1193660828126679096_1560109739,November 07 2017 - 02:14,February 26 2016 - 21:38,<p>KardeÅŸlerin en tatlÄ±sÄ± deÄŸerlisi seni coooookkkk seviyorummmm</p>,63,3
November 07 2017 - 02:07,https://scontent.cdninstagram.com/t51.2885-15/s640x640/e35/c0.127.1017.1017/12716485_189893044710902_1268270572_n.jpg,http://picbear.com/media/1191407600253145667_1560109739,November 07 2017 - 02:14,February 23 2016 - 19:01,"<p>Bi gÃ¼n,,, herkesin kendi  ÅŸiirlerinin,,, kahramanÄ±nÄ± bulmasÄ± dileÄŸiyle///</p>",56,2
November 07 2017 - 02:07,https://scontent.cdninstagram.com/t51.2885-15/s640x640/e35/12716607_481728878678454_18518499_n.jpg,http://picbear.com/media/1189377017662541965_1560109739,November 07 2017 - 02:14,February 20 2016 - 23:46,"<p>Herkeze iyi gecelerrrr,,,, mutlu keyifli bir pazarlarrrr dilerimmm.../////</p>",58,2
November 07 2017 - 02:07,https://scontent.cdninstagram.com/t51.2885-15/s640x640/e35/c0.109.875.875/12747754_247088398956963_1689560638_n.jpg,http://picbear.com/media/1187885970348446564_1560109739,November 07 2017 - 02:14,February 18 2016 - 22:24,<p>DÃ¼nyadaki en gÃ¼zel Ã§iÃ§ek papatyalardir neden mi??? Manidar olduÄŸundan////</p>,67,1
November 07 2017 - 02:07,https://scontent.cdninstagram.com/t51.2885-15/s640x640/e35/c0.109.875.875/12531085_1666207376979125_930328581_n.jpg,http://picbear.com/media/1186437624303849696_1560109739,November 07 2017 - 02:14,February 16 2016 - 22:26,"<p>Acele etme bu aÅŸk,, dediÄŸin biraz zaman alÄ±yor bilenin ve bana katlananin yanÄ±na kÃ¢r kalÄ±yor))))))))))))))))))))))))))))))))))</p>",60,1
November 07 2017 - 02:07,https://scontent.cdninstagram.com/t51.2885-15/s640x640/e35/c0.135.1080.1080/12748437_1689812567957196_2029479408_n.jpg,http://picbear.com/media/1185027317945733299_1560109739,November 07 2017 - 02:14,February 14 2016 - 23:44,"<p>Herkeze iyi geceler,,, mutlu bi hafta ve nice nice sevgi aÅŸk  gÃ¼nleri dilerimm..../////</p>",56,7
November 07 2017 - 02:07,https://scontent.cdninstagram.com/t51.2885-15/s640x640/e35/c0.109.875.875/12729674_1507552639554172_1511431737_n.jpg,http://picbear.com/media/1182705160066568649_1560109739,November 07 2017 - 02:14,February 11 2016 - 18:51,"<p>Belkide konuÅŸuyordur gÃ¶zlerin,,,ama ben GÃ¶zce bilmiyorum ki,,,suskunluÄŸunu biliyorum,))))))))))))))))))</p>",62,5
November 07 2017 - 02:07,https://scontent.cdninstagram.com/t51.2885-15/s640x640/e35/c0.135.1080.1080/12627922_1396200570687711_1066317931_n.jpg,http://picbear.com/media/1181255943259295908_1560109739,November 07 2017 - 02:14,February 09 2016 - 18:51,"<p>Zaten aÅŸk ne zaman doÄŸru zaman kollar,, hiÃ§bir zaman,,</p>",72,3
November 07 2017 - 02:07,https://scontent.cdninstagram.com/t51.2885-15/s640x640/e35/c0.135.1080.1080/12599365_477094055816211_855973504_n.jpg,http://picbear.com/media/1179627728992342365_1560109739,November 07 2017 - 02:14,February 07 2016 - 12:56,<p>Pazar pazar kahve keyfi of sÃ¼per///</p>,55,5
November 07 2017 - 02:07,https://scontent.cdninstagram.com/t51.2885-15/s640x640/e35/c0.109.875.875/12555958_935896393172889_1903724068_n.jpg,http://picbear.com/media/1178380799566287044_1560109739,November 07 2017 - 02:14,February 05 2016 - 19:39,<p>Herkeze mutlu Ã§ok mutlu hafta sonlarÄ± dilerimmm.../////</p>,56,2
November 07 2017 - 02:07,https://scontent.cdninstagram.com/t51.2885-15/s640x640/e35/12424819_1552267415087909_596131085_n.jpg,http://picbear.com/media/1176268246551761022_1560109739,November 07 2017 - 02:14,February 02 2016 - 21:42,"<p>KÄ±ÅŸ,,,soÄŸuk havalardir bir yilldan diÄŸer bir yÄ±la kÃ¶prÃ¼ kurar bu yÃ¼zden daha bi manidardÄ±r kÄ±ÅŸ.../////</p>",42,0
November 07 2017 - 02:07,https://scontent.cdninstagram.com/t51.2885-15/s640x640/e35/c0.39.438.438/12523738_166335950405350_2107670346_n.jpg,http://picbear.com/media/1174554684808630870_1560109739,November 07 2017 - 02:14,January 31 2016 - 12:57,"<p>GÃ¼zel yasamalÄ± insan bu dÃ¼nyada,,, gÃ¼zel yaÅŸamalÄ± ki,, gÃ¼zel olebilmeli be...///</p>",44,2
November 07 2017 - 02:07,https://scontent.cdninstagram.com/t51.2885-15/s640x640/e35/c0.135.1080.1080/12519217_1677710469151133_248919416_n.jpg,http://picbear.com/media/1172545662937076528_1560109739,November 07 2017 - 02:14,January 28 2016 - 18:25,"<p>GÃ¼neÅŸ doÄŸarken de kÄ±zÄ±ldÄ±r,,, batarken de kÄ±zÄ±ldÄ±r,,, ama birisi merhaba der birisi elveda...///.///</p>",49,0
November 07 2017 - 02:07,https://scontent.cdninstagram.com/t51.2885-15/s640x640/e35/c0.135.1080.1080/12519459_653133338123125_1530754117_n.jpg,http://picbear.com/media/1171089562052203479_1560109739,November 07 2017 - 02:14,January 26 2016 - 18:12,"<p>Ne olursan ol ""mÃ¼tevazÄ±"" olll ve en mÃ¼himi de "" merhametli "" olll.../////</p>",84,4
November 07 2017 - 02:07,https://scontent.cdninstagram.com/t51.2885-15/s640x640/e35/c0.126.1012.1012/12501460_953940397975065_242710073_n.jpg,http://picbear.com/media/1169748989227701031_1560109739,November 07 2017 - 02:14,January 24 2016 - 21:49,<p>Seni seviyorum biliyormusunnn...///</p>,61,2
November 07 2017 - 02:07,https://scontent.cdninstagram.com/t51.2885-15/s640x640/e15/c0.90.720.720/21984664_134493853840820_5354660827435630592_n.jpg,http://picbear.com/media/1610812789438134326_1560109739,November 07 2017 - 02:14,September 24 2017 - 12:04,<p>Yerimde duramÄ±yorum eyvah Ã§ok mutluyum Hahaha ğŸˆ ğŸ‚ğŸ°âœ¨ğŸ‰ğŸ‡ğŸ†ğŸğŸ€ğŸ‹ğŸˆğŸ†ğŸ‡ğŸˆâœ¨ğŸ‰ğŸğŸ€ğŸ‚ğŸ°ğŸˆğŸ‡ğŸ†</p>,92,6
